wflow_id,station_name,x,y
2,station_2,9.759284327,0.399418254
3,station_3,9.7745323,0.399418254
4,station_4,9.784992262,0.398460652
5,station_5,9.79357385,0.391536452
6,station_6,9.816151163,0.387779705
7,station_7,9.763851352,0.446267098
