{
"type": "FeatureCollection",
"name": "region",
"crs": { "type": "name", "properties": { "name": "urn:ogc:def:crs:OGC:1.3:CRS84" } },
"features": [
{ "type": "Feature", "properties": { "value": 2.0 }, "geometry": { "type": "Polygon", "coordinates": [ [ [ 35.933333333136943, 5.133333333269782 ], [ 35.933333333136943, 5.124999999936442 ], [ 35.916666666470292, 5.124999999936442 ], [ 35.916666666470292, 5.116666666603102 ], [ 35.891666666470314, 5.116666666603102 ], [ 35.891666666470314, 5.099999999936422 ], [ 35.883333333136989, 5.099999999936422 ], [ 35.883333333136989, 5.074999999936402 ], [ 35.874999999803663, 5.074999999936402 ], [ 35.874999999803663, 5.066666666603062 ], [ 35.866666666470337, 5.066666666603062 ], [ 35.866666666470337, 5.058333333269722 ], [ 35.874999999803663, 5.058333333269722 ], [ 35.874999999803663, 5.049999999936382 ], [ 35.883333333136989, 5.049999999936382 ], [ 35.883333333136989, 5.024999999936362 ], [ 35.891666666470314, 5.024999999936362 ], [ 35.891666666470314, 5.016666666603022 ], [ 35.883333333136989, 5.016666666603022 ], [ 35.883333333136989, 4.999999999936342 ], [ 35.874999999803663, 4.999999999936342 ], [ 35.874999999803663, 4.991666666603003 ], [ 35.883333333136989, 4.991666666603003 ], [ 35.883333333136989, 4.983333333269663 ], [ 35.891666666470314, 4.983333333269663 ], [ 35.891666666470314, 4.991666666603003 ], [ 35.89999999980364, 4.991666666603003 ], [ 35.89999999980364, 4.999999999936342 ], [ 35.908333333136966, 4.999999999936342 ], [ 35.908333333136966, 5.008333333269682 ], [ 35.916666666470292, 5.008333333269682 ], [ 35.916666666470292, 5.016666666603022 ], [ 35.924999999803617, 5.016666666603022 ], [ 35.924999999803617, 5.008333333269682 ], [ 35.949999999803595, 5.008333333269682 ], [ 35.949999999803595, 4.999999999936342 ], [ 35.95833333313692, 4.999999999936342 ], [ 35.95833333313692, 5.008333333269682 ], [ 35.974999999803572, 5.008333333269682 ], [ 35.974999999803572, 5.024999999936362 ], [ 35.983333333136898, 5.024999999936362 ], [ 35.983333333136898, 5.033333333269702 ], [ 35.991666666470223, 5.033333333269702 ], [ 35.991666666470223, 5.049999999936382 ], [ 35.983333333136898, 5.049999999936382 ], [ 35.983333333136898, 5.058333333269722 ], [ 35.991666666470223, 5.058333333269722 ], [ 35.991666666470223, 5.099999999936422 ], [ 35.999999999803549, 5.099999999936422 ], [ 35.999999999803549, 5.116666666603102 ], [ 35.991666666470223, 5.116666666603102 ], [ 35.991666666470223, 5.124999999936442 ], [ 35.974999999803572, 5.124999999936442 ], [ 35.974999999803572, 5.116666666603102 ], [ 35.966666666470246, 5.116666666603102 ], [ 35.966666666470246, 5.124999999936442 ], [ 35.941666666470269, 5.124999999936442 ], [ 35.941666666470269, 5.133333333269782 ], [ 35.933333333136943, 5.133333333269782 ] ] ] } },
{ "type": "Feature", "properties": { "value": 3.0 }, "geometry": { "type": "Polygon", "coordinates": [ [ [ 37.024999999802617, 9.366666666606484 ], [ 37.024999999802617, 9.349999999939804 ], [ 37.016666666469291, 9.349999999939804 ], [ 37.016666666469291, 9.341666666606464 ], [ 36.99999999980264, 9.341666666606464 ], [ 36.99999999980264, 9.333333333273124 ], [ 36.991666666469314, 9.333333333273124 ], [ 36.991666666469314, 9.316666666606444 ], [ 36.974999999802662, 9.316666666606444 ], [ 36.974999999802662, 9.324999999939784 ], [ 36.966666666469337, 9.324999999939784 ], [ 36.966666666469337, 9.316666666606444 ], [ 36.958333333136011, 9.316666666606444 ], [ 36.958333333136011, 9.308333333273104 ], [ 36.949999999802685, 9.308333333273104 ], [ 36.949999999802685, 9.274999999939745 ], [ 36.966666666469337, 9.274999999939745 ], [ 36.966666666469337, 9.266666666606405 ], [ 36.958333333136011, 9.266666666606405 ], [ 36.958333333136011, 9.249999999939725 ], [ 36.949999999802685, 9.249999999939725 ], [ 36.949999999802685, 9.199999999939685 ], [ 36.941666666469359, 9.199999999939685 ], [ 36.941666666469359, 9.191666666606345 ], [ 36.933333333136034, 9.191666666606345 ], [ 36.933333333136034, 9.166666666606325 ], [ 36.924999999802708, 9.166666666606325 ], [ 36.924999999802708, 9.158333333272985 ], [ 36.916666666469382, 9.158333333272985 ], [ 36.916666666469382, 9.166666666606325 ], [ 36.908333333136056, 9.166666666606325 ], [ 36.908333333136056, 9.158333333272985 ], [ 36.899999999802731, 9.158333333272985 ], [ 36.899999999802731, 9.149999999939645 ], [ 36.891666666469405, 9.149999999939645 ], [ 36.891666666469405, 9.141666666606305 ], [ 36.883333333136079, 9.141666666606305 ], [ 36.883333333136079, 9.133333333272965 ], [ 36.866666666469428, 9.133333333272965 ], [ 36.866666666469428, 9.116666666606285 ], [ 36.883333333136079, 9.116666666606285 ], [ 36.883333333136079, 9.108333333272945 ], [ 36.891666666469405, 9.108333333272945 ], [ 36.891666666469405, 9.099999999939605 ], [ 36.899999999802731, 9.099999999939605 ], [ 36.899999999802731, 9.074999999939585 ], [ 36.908333333136056, 9.074999999939585 ], [ 36.908333333136056, 9.058333333272905 ], [ 36.916666666469382, 9.058333333272905 ], [ 36.916666666469382, 9.049999999939565 ], [ 36.924999999802708, 9.049999999939565 ], [ 36.924999999802708, 9.033333333272886 ], [ 36.933333333136034, 9.033333333272886 ], [ 36.933333333136034, 9.016666666606206 ], [ 36.941666666469359, 9.016666666606206 ], [ 36.941666666469359, 9.008333333272866 ], [ 36.933333333136034, 9.008333333272866 ], [ 36.933333333136034, 8.983333333272846 ], [ 36.941666666469359, 8.983333333272846 ], [ 36.941666666469359, 8.966666666606166 ], [ 36.924999999802708, 8.966666666606166 ], [ 36.924999999802708, 8.949999999939486 ], [ 36.933333333136034, 8.949999999939486 ], [ 36.933333333136034, 8.924999999939466 ], [ 36.924999999802708, 8.924999999939466 ], [ 36.924999999802708, 8.908333333272786 ], [ 36.933333333136034, 8.908333333272786 ], [ 36.933333333136034, 8.883333333272766 ], [ 36.941666666469359, 8.883333333272766 ], [ 36.941666666469359, 8.874999999939426 ], [ 36.958333333136011, 8.874999999939426 ], [ 36.958333333136011, 8.849999999939406 ], [ 36.966666666469337, 8.849999999939406 ], [ 36.966666666469337, 8.833333333272726 ], [ 36.974999999802662, 8.833333333272726 ], [ 36.974999999802662, 8.824999999939386 ], [ 36.983333333135988, 8.824999999939386 ], [ 36.983333333135988, 8.816666666606046 ], [ 36.991666666469314, 8.816666666606046 ], [ 36.991666666469314, 8.808333333272707 ], [ 36.99999999980264, 8.808333333272707 ], [ 36.99999999980264, 8.799999999939367 ], [ 37.008333333135965, 8.799999999939367 ], [ 37.008333333135965, 8.783333333272687 ], [ 37.016666666469291, 8.783333333272687 ], [ 37.016666666469291, 8.774999999939347 ], [ 37.024999999802617, 8.774999999939347 ], [ 37.024999999802617, 8.783333333272687 ], [ 37.033333333135943, 8.783333333272687 ], [ 37.033333333135943, 8.774999999939347 ], [ 37.041666666469268, 8.774999999939347 ], [ 37.041666666469268, 8.758333333272667 ], [ 37.033333333135943, 8.758333333272667 ], [ 37.033333333135943, 8.733333333272647 ], [ 37.024999999802617, 8.733333333272647 ], [ 37.024999999802617, 8.724999999939307 ], [ 37.033333333135943, 8.724999999939307 ], [ 37.033333333135943, 8.708333333272627 ], [ 37.041666666469268, 8.708333333272627 ], [ 37.041666666469268, 8.691666666605947 ], [ 37.049999999802594, 8.691666666605947 ], [ 37.049999999802594, 8.674999999939267 ], [ 37.05833333313592, 8.674999999939267 ], [ 37.05833333313592, 8.649999999939247 ], [ 37.066666666469246, 8.649999999939247 ], [ 37.066666666469246, 8.616666666605887 ], [ 37.05833333313592, 8.616666666605887 ], [ 37.05833333313592, 8.599999999939207 ], [ 37.066666666469246, 8.599999999939207 ], [ 37.066666666469246, 8.591666666605867 ], [ 37.05833333313592, 8.591666666605867 ], [ 37.05833333313592, 8.574999999939187 ], [ 37.066666666469246, 8.574999999939187 ], [ 37.066666666469246, 8.558333333272508 ], [ 37.05833333313592, 8.558333333272508 ], [ 37.05833333313592, 8.541666666605828 ], [ 37.049999999802594, 8.541666666605828 ], [ 37.049999999802594, 8.508333333272468 ], [ 37.041666666469268, 8.508333333272468 ], [ 37.041666666469268, 8.499999999939128 ], [ 37.049999999802594, 8.499999999939128 ], [ 37.049999999802594, 8.483333333272448 ], [ 37.033333333135943, 8.483333333272448 ], [ 37.033333333135943, 8.474999999939108 ], [ 37.024999999802617, 8.474999999939108 ], [ 37.024999999802617, 8.466666666605768 ], [ 36.99999999980264, 8.466666666605768 ], [ 36.99999999980264, 8.458333333272428 ], [ 36.991666666469314, 8.458333333272428 ], [ 36.991666666469314, 8.433333333272408 ], [ 36.983333333135988, 8.433333333272408 ], [ 36.983333333135988, 8.408333333272388 ], [ 36.974999999802662, 8.408333333272388 ], [ 36.974999999802662, 8.366666666605688 ], [ 36.966666666469337, 8.366666666605688 ], [ 36.966666666469337, 8.341666666605668 ], [ 36.958333333136011, 8.341666666605668 ], [ 36.958333333136011, 8.333333333272329 ], [ 36.966666666469337, 8.333333333272329 ], [ 36.966666666469337, 8.324999999938989 ], [ 36.958333333136011, 8.324999999938989 ], [ 36.958333333136011, 8.308333333272309 ], [ 36.949999999802685, 8.308333333272309 ], [ 36.949999999802685, 8.299999999938969 ], [ 36.941666666469359, 8.299999999938969 ], [ 36.941666666469359, 8.283333333272289 ], [ 36.933333333136034, 8.283333333272289 ], [ 36.933333333136034, 8.266666666605609 ], [ 36.941666666469359, 8.266666666605609 ], [ 36.941666666469359, 8.249999999938929 ], [ 36.933333333136034, 8.249999999938929 ], [ 36.933333333136034, 8.216666666605569 ], [ 36.916666666469382, 8.216666666605569 ], [ 36.916666666469382, 8.199999999938889 ], [ 36.908333333136056, 8.199999999938889 ], [ 36.908333333136056, 8.183333333272209 ], [ 36.916666666469382, 8.183333333272209 ], [ 36.916666666469382, 8.166666666605529 ], [ 36.899999999802731, 8.166666666605529 ], [ 36.899999999802731, 8.141666666605509 ], [ 36.891666666469405, 8.141666666605509 ], [ 36.891666666469405, 8.133333333272169 ], [ 36.874999999802753, 8.133333333272169 ], [ 36.874999999802753, 8.08333333327213 ], [ 36.866666666469428, 8.08333333327213 ], [ 36.866666666469428, 8.05833333327211 ], [ 36.849999999802776, 8.05833333327211 ], [ 36.849999999802776, 8.04999999993877 ], [ 36.858333333136102, 8.04999999993877 ], [ 36.858333333136102, 8.04166666660543 ], [ 36.849999999802776, 8.04166666660543 ], [ 36.849999999802776, 8.02499999993875 ], [ 36.84166666646945, 8.02499999993875 ], [ 36.84166666646945, 7.98333333327205 ], [ 36.849999999802776, 7.98333333327205 ], [ 36.849999999802776, 7.97499999993871 ], [ 36.84166666646945, 7.97499999993871 ], [ 36.84166666646945, 7.95833333327203 ], [ 36.849999999802776, 7.95833333327203 ], [ 36.849999999802776, 7.91666666660533 ], [ 36.858333333136102, 7.91666666660533 ], [ 36.858333333136102, 7.90833333327199 ], [ 36.866666666469428, 7.90833333327199 ], [ 36.866666666469428, 7.89166666660531 ], [ 36.874999999802753, 7.89166666660531 ], [ 36.874999999802753, 7.85833333327195 ], [ 36.883333333136079, 7.85833333327195 ], [ 36.883333333136079, 7.841666666605271 ], [ 36.891666666469405, 7.841666666605271 ], [ 36.891666666469405, 7.799999999938571 ], [ 36.874999999802753, 7.799999999938571 ], [ 36.874999999802753, 7.791666666605231 ], [ 36.883333333136079, 7.791666666605231 ], [ 36.883333333136079, 7.783333333271891 ], [ 36.891666666469405, 7.783333333271891 ], [ 36.891666666469405, 7.766666666605211 ], [ 36.883333333136079, 7.766666666605211 ], [ 36.883333333136079, 7.774999999938551 ], [ 36.874999999802753, 7.774999999938551 ], [ 36.874999999802753, 7.783333333271891 ], [ 36.858333333136102, 7.783333333271891 ], [ 36.858333333136102, 7.774999999938551 ], [ 36.833333333136125, 7.774999999938551 ], [ 36.833333333136125, 7.766666666605211 ], [ 36.816666666469473, 7.766666666605211 ], [ 36.816666666469473, 7.758333333271871 ], [ 36.808333333136147, 7.758333333271871 ], [ 36.808333333136147, 7.749999999938531 ], [ 36.791666666469496, 7.749999999938531 ], [ 36.791666666469496, 7.741666666605191 ], [ 36.774999999802844, 7.741666666605191 ], [ 36.774999999802844, 7.733333333271851 ], [ 36.749999999802867, 7.733333333271851 ], [ 36.749999999802867, 7.741666666605191 ], [ 36.72499999980289, 7.741666666605191 ], [ 36.72499999980289, 7.733333333271851 ], [ 36.683333333136261, 7.733333333271851 ], [ 36.683333333136261, 7.716666666605171 ], [ 36.658333333136284, 7.716666666605171 ], [ 36.658333333136284, 7.708333333271831 ], [ 36.649999999802958, 7.708333333271831 ], [ 36.649999999802958, 7.716666666605171 ], [ 36.641666666469632, 7.716666666605171 ], [ 36.641666666469632, 7.724999999938511 ], [ 36.624999999802981, 7.724999999938511 ], [ 36.624999999802981, 7.716666666605171 ], [ 36.5666666664697, 7.716666666605171 ], [ 36.5666666664697, 7.733333333271851 ], [ 36.558333333136375, 7.733333333271851 ], [ 36.558333333136375, 7.741666666605191 ], [ 36.549999999803049, 7.741666666605191 ], [ 36.549999999803049, 7.749999999938531 ], [ 36.541666666469723, 7.749999999938531 ], [ 36.541666666469723, 7.774999999938551 ], [ 36.533333333136397, 7.774999999938551 ], [ 36.533333333136397, 7.791666666605231 ], [ 36.524999999803072, 7.791666666605231 ], [ 36.524999999803072, 7.783333333271891 ], [ 36.516666666469746, 7.783333333271891 ], [ 36.516666666469746, 7.791666666605231 ], [ 36.50833333313642, 7.791666666605231 ], [ 36.50833333313642, 7.799999999938571 ], [ 36.474999999803117, 7.799999999938571 ], [ 36.474999999803117, 7.833333333271931 ], [ 36.458333333136466, 7.833333333271931 ], [ 36.458333333136466, 7.841666666605271 ], [ 36.424999999803163, 7.841666666605271 ], [ 36.424999999803163, 7.833333333271931 ], [ 36.408333333136511, 7.833333333271931 ], [ 36.408333333136511, 7.841666666605271 ], [ 36.399999999803185, 7.841666666605271 ], [ 36.399999999803185, 7.833333333271931 ], [ 36.39166666646986, 7.833333333271931 ], [ 36.39166666646986, 7.824999999938591 ], [ 36.383333333136534, 7.824999999938591 ], [ 36.383333333136534, 7.833333333271931 ], [ 36.366666666469882, 7.833333333271931 ], [ 36.366666666469882, 7.824999999938591 ], [ 36.358333333136557, 7.824999999938591 ], [ 36.358333333136557, 7.816666666605251 ], [ 36.349999999803231, 7.816666666605251 ], [ 36.349999999803231, 7.808333333271911 ], [ 36.341666666469905, 7.808333333271911 ], [ 36.341666666469905, 7.799999999938571 ], [ 36.333333333136579, 7.799999999938571 ], [ 36.333333333136579, 7.791666666605231 ], [ 36.324999999803254, 7.791666666605231 ], [ 36.324999999803254, 7.799999999938571 ], [ 36.283333333136625, 7.799999999938571 ], [ 36.283333333136625, 7.791666666605231 ], [ 36.249999999803322, 7.791666666605231 ], [ 36.249999999803322, 7.783333333271891 ], [ 36.23333333313667, 7.783333333271891 ], [ 36.23333333313667, 7.774999999938551 ], [ 36.224999999803345, 7.774999999938551 ], [ 36.224999999803345, 7.758333333271871 ], [ 36.199999999803367, 7.758333333271871 ], [ 36.199999999803367, 7.766666666605211 ], [ 36.158333333136738, 7.766666666605211 ], [ 36.158333333136738, 7.749999999938531 ], [ 36.141666666470087, 7.749999999938531 ], [ 36.141666666470087, 7.733333333271851 ], [ 36.133333333136761, 7.733333333271851 ], [ 36.133333333136761, 7.724999999938511 ], [ 36.099999999803458, 7.724999999938511 ], [ 36.099999999803458, 7.733333333271851 ], [ 36.083333333136807, 7.733333333271851 ], [ 36.083333333136807, 7.708333333271831 ], [ 36.066666666470155, 7.708333333271831 ], [ 36.066666666470155, 7.699999999938491 ], [ 36.058333333136829, 7.699999999938491 ], [ 36.058333333136829, 7.683333333271811 ], [ 36.049999999803504, 7.683333333271811 ], [ 36.049999999803504, 7.674999999938471 ], [ 36.041666666470178, 7.674999999938471 ], [ 36.041666666470178, 7.683333333271811 ], [ 36.033333333136852, 7.683333333271811 ], [ 36.033333333136852, 7.666666666605131 ], [ 36.024999999803526, 7.666666666605131 ], [ 36.024999999803526, 7.683333333271811 ], [ 35.983333333136898, 7.683333333271811 ], [ 35.983333333136898, 7.691666666605151 ], [ 35.974999999803572, 7.691666666605151 ], [ 35.974999999803572, 7.699999999938491 ], [ 35.95833333313692, 7.699999999938491 ], [ 35.95833333313692, 7.691666666605151 ], [ 35.924999999803617, 7.691666666605151 ], [ 35.924999999803617, 7.674999999938471 ], [ 35.933333333136943, 7.674999999938471 ], [ 35.933333333136943, 7.658333333271791 ], [ 35.924999999803617, 7.658333333271791 ], [ 35.924999999803617, 7.649999999938451 ], [ 35.908333333136966, 7.649999999938451 ], [ 35.908333333136966, 7.641666666605111 ], [ 35.883333333136989, 7.641666666605111 ], [ 35.883333333136989, 7.624999999938431 ], [ 35.874999999803663, 7.624999999938431 ], [ 35.874999999803663, 7.616666666605092 ], [ 35.866666666470337, 7.616666666605092 ], [ 35.866666666470337, 7.608333333271752 ], [ 35.84166666647036, 7.608333333271752 ], [ 35.84166666647036, 7.599999999938412 ], [ 35.758333333137102, 7.599999999938412 ], [ 35.758333333137102, 7.591666666605072 ], [ 35.741666666470451, 7.591666666605072 ], [ 35.741666666470451, 7.574999999938392 ], [ 35.708333333137148, 7.574999999938392 ], [ 35.708333333137148, 7.583333333271732 ], [ 35.691666666470496, 7.583333333271732 ], [ 35.691666666470496, 7.566666666605052 ], [ 35.699999999803822, 7.566666666605052 ], [ 35.699999999803822, 7.558333333271712 ], [ 35.691666666470496, 7.558333333271712 ], [ 35.691666666470496, 7.541666666605032 ], [ 35.68333333313717, 7.541666666605032 ], [ 35.68333333313717, 7.524999999938352 ], [ 35.633333333137216, 7.524999999938352 ], [ 35.633333333137216, 7.516666666605012 ], [ 35.62499999980389, 7.516666666605012 ], [ 35.62499999980389, 7.524999999938352 ], [ 35.599999999803913, 7.524999999938352 ], [ 35.599999999803913, 7.508333333271672 ], [ 35.574999999803936, 7.508333333271672 ], [ 35.574999999803936, 7.516666666605012 ], [ 35.56666666647061, 7.516666666605012 ], [ 35.56666666647061, 7.508333333271672 ], [ 35.549999999803958, 7.508333333271672 ], [ 35.549999999803958, 7.491666666604992 ], [ 35.558333333137284, 7.491666666604992 ], [ 35.558333333137284, 7.483333333271652 ], [ 35.56666666647061, 7.483333333271652 ], [ 35.56666666647061, 7.474999999938312 ], [ 35.549999999803958, 7.474999999938312 ], [ 35.549999999803958, 7.466666666604972 ], [ 35.541666666470633, 7.466666666604972 ], [ 35.541666666470633, 7.458333333271632 ], [ 35.599999999803913, 7.458333333271632 ], [ 35.599999999803913, 7.466666666604972 ], [ 35.608333333137239, 7.466666666604972 ], [ 35.608333333137239, 7.458333333271632 ], [ 35.616666666470564, 7.458333333271632 ], [ 35.616666666470564, 7.449999999938292 ], [ 35.633333333137216, 7.449999999938292 ], [ 35.633333333137216, 7.466666666604972 ], [ 35.641666666470542, 7.466666666604972 ], [ 35.641666666470542, 7.458333333271632 ], [ 35.649999999803867, 7.458333333271632 ], [ 35.649999999803867, 7.441666666604952 ], [ 35.658333333137193, 7.441666666604952 ], [ 35.658333333137193, 7.424999999938272 ], [ 35.674999999803845, 7.424999999938272 ], [ 35.674999999803845, 7.416666666604932 ], [ 35.699999999803822, 7.416666666604932 ], [ 35.699999999803822, 7.408333333271592 ], [ 35.716666666470474, 7.408333333271592 ], [ 35.716666666470474, 7.416666666604932 ], [ 35.741666666470451, 7.416666666604932 ], [ 35.741666666470451, 7.391666666604912 ], [ 35.758333333137102, 7.391666666604912 ], [ 35.758333333137102, 7.399999999938252 ], [ 35.766666666470428, 7.399999999938252 ], [ 35.766666666470428, 7.408333333271592 ], [ 35.791666666470405, 7.408333333271592 ], [ 35.791666666470405, 7.416666666604932 ], [ 35.808333333137057, 7.416666666604932 ], [ 35.808333333137057, 7.399999999938252 ], [ 35.816666666470383, 7.399999999938252 ], [ 35.816666666470383, 7.391666666604912 ], [ 35.824999999803708, 7.391666666604912 ], [ 35.824999999803708, 7.374999999938233 ], [ 35.833333333137034, 7.374999999938233 ], [ 35.833333333137034, 7.358333333271553 ], [ 35.858333333137011, 7.358333333271553 ], [ 35.858333333137011, 7.374999999938233 ], [ 35.891666666470314, 7.374999999938233 ], [ 35.891666666470314, 7.383333333271572 ], [ 35.908333333136966, 7.383333333271572 ], [ 35.908333333136966, 7.374999999938233 ], [ 35.916666666470292, 7.374999999938233 ], [ 35.916666666470292, 7.383333333271572 ], [ 35.933333333136943, 7.383333333271572 ], [ 35.933333333136943, 7.374999999938233 ], [ 35.949999999803595, 7.374999999938233 ], [ 35.949999999803595, 7.358333333271553 ], [ 35.941666666470269, 7.358333333271553 ], [ 35.941666666470269, 7.349999999938213 ], [ 35.916666666470292, 7.349999999938213 ], [ 35.916666666470292, 7.324999999938193 ], [ 35.908333333136966, 7.324999999938193 ], [ 35.908333333136966, 7.308333333271513 ], [ 35.89999999980364, 7.308333333271513 ], [ 35.89999999980364, 7.299999999938173 ], [ 35.908333333136966, 7.299999999938173 ], [ 35.908333333136966, 7.291666666604833 ], [ 35.89999999980364, 7.291666666604833 ], [ 35.89999999980364, 7.283333333271493 ], [ 35.908333333136966, 7.283333333271493 ], [ 35.908333333136966, 7.274999999938153 ], [ 35.89999999980364, 7.274999999938153 ], [ 35.89999999980364, 7.258333333271473 ], [ 35.883333333136989, 7.258333333271473 ], [ 35.883333333136989, 7.241666666604793 ], [ 35.874999999803663, 7.241666666604793 ], [ 35.874999999803663, 7.183333333271413 ], [ 35.866666666470337, 7.183333333271413 ], [ 35.866666666470337, 7.166666666604733 ], [ 35.858333333137011, 7.166666666604733 ], [ 35.858333333137011, 7.158333333271393 ], [ 35.84166666647036, 7.158333333271393 ], [ 35.84166666647036, 7.166666666604733 ], [ 35.833333333137034, 7.166666666604733 ], [ 35.833333333137034, 7.158333333271393 ], [ 35.816666666470383, 7.158333333271393 ], [ 35.816666666470383, 7.149999999938053 ], [ 35.808333333137057, 7.149999999938053 ], [ 35.808333333137057, 7.141666666604713 ], [ 35.791666666470405, 7.141666666604713 ], [ 35.791666666470405, 7.133333333271374 ], [ 35.774999999803754, 7.133333333271374 ], [ 35.774999999803754, 7.124999999938034 ], [ 35.749999999803777, 7.124999999938034 ], [ 35.749999999803777, 7.116666666604694 ], [ 35.741666666470451, 7.116666666604694 ], [ 35.741666666470451, 7.099999999938014 ], [ 35.724999999803799, 7.099999999938014 ], [ 35.724999999803799, 7.091666666604674 ], [ 35.716666666470474, 7.091666666604674 ], [ 35.716666666470474, 7.074999999937994 ], [ 35.708333333137148, 7.074999999937994 ], [ 35.708333333137148, 7.041666666604634 ], [ 35.699999999803822, 7.041666666604634 ], [ 35.699999999803822, 6.999999999937934 ], [ 35.724999999803799, 6.999999999937934 ], [ 35.724999999803799, 7.008333333271274 ], [ 35.733333333137125, 7.008333333271274 ], [ 35.733333333137125, 7.016666666604614 ], [ 35.758333333137102, 7.016666666604614 ], [ 35.758333333137102, 7.033333333271294 ], [ 35.774999999803754, 7.033333333271294 ], [ 35.774999999803754, 7.024999999937954 ], [ 35.799999999803731, 7.024999999937954 ], [ 35.799999999803731, 7.016666666604614 ], [ 35.833333333137034, 7.016666666604614 ], [ 35.833333333137034, 7.008333333271274 ], [ 35.84166666647036, 7.008333333271274 ], [ 35.84166666647036, 6.999999999937934 ], [ 35.849999999803686, 6.999999999937934 ], [ 35.849999999803686, 6.991666666604594 ], [ 35.866666666470337, 6.991666666604594 ], [ 35.866666666470337, 6.974999999937914 ], [ 35.84166666647036, 6.974999999937914 ], [ 35.84166666647036, 6.966666666604574 ], [ 35.833333333137034, 6.966666666604574 ], [ 35.833333333137034, 6.958333333271234 ], [ 35.824999999803708, 6.958333333271234 ], [ 35.824999999803708, 6.949999999937894 ], [ 35.833333333137034, 6.949999999937894 ], [ 35.833333333137034, 6.924999999937874 ], [ 35.84166666647036, 6.924999999937874 ], [ 35.84166666647036, 6.899999999937855 ], [ 35.849999999803686, 6.899999999937855 ], [ 35.849999999803686, 6.883333333271175 ], [ 35.858333333137011, 6.883333333271175 ], [ 35.858333333137011, 6.866666666604495 ], [ 35.849999999803686, 6.866666666604495 ], [ 35.849999999803686, 6.858333333271155 ], [ 35.858333333137011, 6.858333333271155 ], [ 35.858333333137011, 6.849999999937815 ], [ 35.866666666470337, 6.849999999937815 ], [ 35.866666666470337, 6.833333333271135 ], [ 35.874999999803663, 6.833333333271135 ], [ 35.874999999803663, 6.824999999937795 ], [ 35.883333333136989, 6.824999999937795 ], [ 35.883333333136989, 6.841666666604475 ], [ 35.891666666470314, 6.841666666604475 ], [ 35.891666666470314, 6.833333333271135 ], [ 35.908333333136966, 6.833333333271135 ], [ 35.908333333136966, 6.824999999937795 ], [ 35.924999999803617, 6.824999999937795 ], [ 35.924999999803617, 6.808333333271115 ], [ 35.916666666470292, 6.808333333271115 ], [ 35.916666666470292, 6.791666666604435 ], [ 35.924999999803617, 6.791666666604435 ], [ 35.924999999803617, 6.799999999937775 ], [ 35.933333333136943, 6.799999999937775 ], [ 35.933333333136943, 6.791666666604435 ], [ 35.941666666470269, 6.791666666604435 ], [ 35.941666666470269, 6.774999999937755 ], [ 35.949999999803595, 6.774999999937755 ], [ 35.949999999803595, 6.766666666604415 ], [ 35.941666666470269, 6.766666666604415 ], [ 35.941666666470269, 6.758333333271075 ], [ 35.949999999803595, 6.758333333271075 ], [ 35.949999999803595, 6.733333333271055 ], [ 35.95833333313692, 6.733333333271055 ], [ 35.95833333313692, 6.708333333271035 ], [ 35.941666666470269, 6.708333333271035 ], [ 35.941666666470269, 6.691666666604355 ], [ 35.933333333136943, 6.691666666604355 ], [ 35.933333333136943, 6.683333333271015 ], [ 35.924999999803617, 6.683333333271015 ], [ 35.924999999803617, 6.666666666604335 ], [ 35.933333333136943, 6.666666666604335 ], [ 35.933333333136943, 6.649999999937656 ], [ 35.916666666470292, 6.649999999937656 ], [ 35.916666666470292, 6.641666666604316 ], [ 35.908333333136966, 6.641666666604316 ], [ 35.908333333136966, 6.633333333270976 ], [ 35.89999999980364, 6.633333333270976 ], [ 35.89999999980364, 6.624999999937636 ], [ 35.883333333136989, 6.624999999937636 ], [ 35.883333333136989, 6.608333333270956 ], [ 35.891666666470314, 6.608333333270956 ], [ 35.891666666470314, 6.583333333270936 ], [ 35.883333333136989, 6.583333333270936 ], [ 35.883333333136989, 6.558333333270916 ], [ 35.891666666470314, 6.558333333270916 ], [ 35.891666666470314, 6.541666666604236 ], [ 35.924999999803617, 6.541666666604236 ], [ 35.924999999803617, 6.533333333270896 ], [ 35.933333333136943, 6.533333333270896 ], [ 35.933333333136943, 6.524999999937556 ], [ 35.924999999803617, 6.524999999937556 ], [ 35.924999999803617, 6.508333333270876 ], [ 35.908333333136966, 6.508333333270876 ], [ 35.908333333136966, 6.491666666604196 ], [ 35.89999999980364, 6.491666666604196 ], [ 35.89999999980364, 6.483333333270856 ], [ 35.908333333136966, 6.483333333270856 ], [ 35.908333333136966, 6.441666666604156 ], [ 35.89999999980364, 6.441666666604156 ], [ 35.89999999980364, 6.433333333270816 ], [ 35.891666666470314, 6.433333333270816 ], [ 35.891666666470314, 6.408333333270797 ], [ 35.883333333136989, 6.408333333270797 ], [ 35.883333333136989, 6.416666666604137 ], [ 35.874999999803663, 6.416666666604137 ], [ 35.874999999803663, 6.408333333270797 ], [ 35.849999999803686, 6.408333333270797 ], [ 35.849999999803686, 6.416666666604137 ], [ 35.833333333137034, 6.416666666604137 ], [ 35.833333333137034, 6.424999999937477 ], [ 35.824999999803708, 6.424999999937477 ], [ 35.824999999803708, 6.433333333270816 ], [ 35.808333333137057, 6.433333333270816 ], [ 35.808333333137057, 6.441666666604156 ], [ 35.799999999803731, 6.441666666604156 ], [ 35.799999999803731, 6.433333333270816 ], [ 35.766666666470428, 6.433333333270816 ], [ 35.766666666470428, 6.441666666604156 ], [ 35.758333333137102, 6.441666666604156 ], [ 35.758333333137102, 6.433333333270816 ], [ 35.749999999803777, 6.433333333270816 ], [ 35.749999999803777, 6.424999999937477 ], [ 35.733333333137125, 6.424999999937477 ], [ 35.733333333137125, 6.416666666604137 ], [ 35.716666666470474, 6.416666666604137 ], [ 35.716666666470474, 6.408333333270797 ], [ 35.699999999803822, 6.408333333270797 ], [ 35.699999999803822, 6.391666666604117 ], [ 35.674999999803845, 6.391666666604117 ], [ 35.674999999803845, 6.383333333270777 ], [ 35.666666666470519, 6.383333333270777 ], [ 35.666666666470519, 6.374999999937437 ], [ 35.62499999980389, 6.374999999937437 ], [ 35.62499999980389, 6.366666666604097 ], [ 35.616666666470564, 6.366666666604097 ], [ 35.616666666470564, 6.341666666604077 ], [ 35.608333333137239, 6.341666666604077 ], [ 35.608333333137239, 6.308333333270717 ], [ 35.599999999803913, 6.308333333270717 ], [ 35.599999999803913, 6.299999999937377 ], [ 35.591666666470587, 6.299999999937377 ], [ 35.591666666470587, 6.291666666604037 ], [ 35.574999999803936, 6.291666666604037 ], [ 35.574999999803936, 6.274999999937357 ], [ 35.56666666647061, 6.274999999937357 ], [ 35.56666666647061, 6.224999999937317 ], [ 35.558333333137284, 6.224999999937317 ], [ 35.558333333137284, 6.208333333270637 ], [ 35.549999999803958, 6.208333333270637 ], [ 35.549999999803958, 6.183333333270618 ], [ 35.56666666647061, 6.183333333270618 ], [ 35.56666666647061, 6.166666666603938 ], [ 35.574999999803936, 6.166666666603938 ], [ 35.574999999803936, 6.158333333270598 ], [ 35.599999999803913, 6.158333333270598 ], [ 35.599999999803913, 6.141666666603918 ], [ 35.591666666470587, 6.141666666603918 ], [ 35.591666666470587, 6.133333333270578 ], [ 35.583333333137261, 6.133333333270578 ], [ 35.583333333137261, 6.124999999937238 ], [ 35.574999999803936, 6.124999999937238 ], [ 35.574999999803936, 6.099999999937218 ], [ 35.56666666647061, 6.099999999937218 ], [ 35.56666666647061, 6.083333333270538 ], [ 35.558333333137284, 6.083333333270538 ], [ 35.558333333137284, 6.074999999937198 ], [ 35.549999999803958, 6.074999999937198 ], [ 35.549999999803958, 6.049999999937178 ], [ 35.541666666470633, 6.049999999937178 ], [ 35.541666666470633, 6.041666666603838 ], [ 35.549999999803958, 6.041666666603838 ], [ 35.549999999803958, 6.024999999937158 ], [ 35.558333333137284, 6.024999999937158 ], [ 35.558333333137284, 6.016666666603818 ], [ 35.56666666647061, 6.016666666603818 ], [ 35.56666666647061, 5.999999999937138 ], [ 35.574999999803936, 5.999999999937138 ], [ 35.574999999803936, 5.974999999937118 ], [ 35.558333333137284, 5.974999999937118 ], [ 35.558333333137284, 5.966666666603778 ], [ 35.541666666470633, 5.966666666603778 ], [ 35.541666666470633, 5.949999999937098 ], [ 35.533333333137307, 5.949999999937098 ], [ 35.533333333137307, 5.924999999937079 ], [ 35.549999999803958, 5.924999999937079 ], [ 35.549999999803958, 5.908333333270399 ], [ 35.558333333137284, 5.908333333270399 ], [ 35.558333333137284, 5.891666666603719 ], [ 35.574999999803936, 5.891666666603719 ], [ 35.574999999803936, 5.874999999937039 ], [ 35.591666666470587, 5.874999999937039 ], [ 35.591666666470587, 5.858333333270359 ], [ 35.599999999803913, 5.858333333270359 ], [ 35.599999999803913, 5.841666666603679 ], [ 35.608333333137239, 5.841666666603679 ], [ 35.608333333137239, 5.816666666603659 ], [ 35.616666666470564, 5.816666666603659 ], [ 35.616666666470564, 5.791666666603639 ], [ 35.62499999980389, 5.791666666603639 ], [ 35.62499999980389, 5.766666666603619 ], [ 35.633333333137216, 5.766666666603619 ], [ 35.633333333137216, 5.758333333270279 ], [ 35.62499999980389, 5.758333333270279 ], [ 35.62499999980389, 5.733333333270259 ], [ 35.633333333137216, 5.733333333270259 ], [ 35.633333333137216, 5.724999999936919 ], [ 35.641666666470542, 5.724999999936919 ], [ 35.641666666470542, 5.716666666603579 ], [ 35.649999999803867, 5.716666666603579 ], [ 35.649999999803867, 5.6999999999369 ], [ 35.641666666470542, 5.6999999999369 ], [ 35.641666666470542, 5.69166666660356 ], [ 35.649999999803867, 5.69166666660356 ], [ 35.649999999803867, 5.64999999993686 ], [ 35.658333333137193, 5.64999999993686 ], [ 35.658333333137193, 5.63333333327018 ], [ 35.666666666470519, 5.63333333327018 ], [ 35.666666666470519, 5.60833333327016 ], [ 35.674999999803845, 5.60833333327016 ], [ 35.674999999803845, 5.58333333327014 ], [ 35.68333333313717, 5.58333333327014 ], [ 35.68333333313717, 5.5749999999368 ], [ 35.691666666470496, 5.5749999999368 ], [ 35.691666666470496, 5.55833333327012 ], [ 35.699999999803822, 5.55833333327012 ], [ 35.699999999803822, 5.54166666660344 ], [ 35.691666666470496, 5.54166666660344 ], [ 35.691666666470496, 5.5333333332701 ], [ 35.68333333313717, 5.5333333332701 ], [ 35.68333333313717, 5.52499999993676 ], [ 35.666666666470519, 5.52499999993676 ], [ 35.666666666470519, 5.49999999993674 ], [ 35.658333333137193, 5.49999999993674 ], [ 35.658333333137193, 5.47499999993672 ], [ 35.641666666470542, 5.47499999993672 ], [ 35.641666666470542, 5.48333333327006 ], [ 35.633333333137216, 5.48333333327006 ], [ 35.633333333137216, 5.47499999993672 ], [ 35.62499999980389, 5.47499999993672 ], [ 35.62499999980389, 5.458333333270041 ], [ 35.616666666470564, 5.458333333270041 ], [ 35.616666666470564, 5.433333333270021 ], [ 35.62499999980389, 5.433333333270021 ], [ 35.62499999980389, 5.391666666603321 ], [ 35.649999999803867, 5.391666666603321 ], [ 35.649999999803867, 5.399999999936661 ], [ 35.658333333137193, 5.399999999936661 ], [ 35.658333333137193, 5.391666666603321 ], [ 35.691666666470496, 5.391666666603321 ], [ 35.691666666470496, 5.399999999936661 ], [ 35.749999999803777, 5.399999999936661 ], [ 35.749999999803777, 5.408333333270001 ], [ 35.774999999803754, 5.408333333270001 ], [ 35.774999999803754, 5.399999999936661 ], [ 35.78333333313708, 5.399999999936661 ], [ 35.78333333313708, 5.391666666603321 ], [ 35.791666666470405, 5.391666666603321 ], [ 35.791666666470405, 5.383333333269981 ], [ 35.816666666470383, 5.383333333269981 ], [ 35.816666666470383, 5.374999999936641 ], [ 35.849999999803686, 5.374999999936641 ], [ 35.849999999803686, 5.383333333269981 ], [ 35.866666666470337, 5.383333333269981 ], [ 35.866666666470337, 5.374999999936641 ], [ 35.874999999803663, 5.374999999936641 ], [ 35.874999999803663, 5.383333333269981 ], [ 35.89999999980364, 5.383333333269981 ], [ 35.89999999980364, 5.374999999936641 ], [ 35.916666666470292, 5.374999999936641 ], [ 35.916666666470292, 5.366666666603301 ], [ 35.924999999803617, 5.366666666603301 ], [ 35.924999999803617, 5.333333333269941 ], [ 35.916666666470292, 5.333333333269941 ], [ 35.916666666470292, 5.324999999936601 ], [ 35.924999999803617, 5.324999999936601 ], [ 35.924999999803617, 5.316666666603261 ], [ 35.933333333136943, 5.316666666603261 ], [ 35.933333333136943, 5.308333333269921 ], [ 35.941666666470269, 5.308333333269921 ], [ 35.941666666470269, 5.299999999936581 ], [ 35.949999999803595, 5.299999999936581 ], [ 35.949999999803595, 5.291666666603241 ], [ 35.95833333313692, 5.291666666603241 ], [ 35.95833333313692, 5.283333333269901 ], [ 35.991666666470223, 5.283333333269901 ], [ 35.991666666470223, 5.266666666603221 ], [ 35.999999999803549, 5.266666666603221 ], [ 35.999999999803549, 5.249999999936541 ], [ 36.008333333136875, 5.249999999936541 ], [ 36.008333333136875, 5.208333333269842 ], [ 36.016666666470201, 5.208333333269842 ], [ 36.016666666470201, 5.191666666603162 ], [ 36.008333333136875, 5.191666666603162 ], [ 36.008333333136875, 5.183333333269822 ], [ 36.016666666470201, 5.183333333269822 ], [ 36.016666666470201, 5.174999999936482 ], [ 36.008333333136875, 5.174999999936482 ], [ 36.008333333136875, 5.141666666603122 ], [ 35.999999999803549, 5.141666666603122 ], [ 35.999999999803549, 5.099999999936422 ], [ 35.991666666470223, 5.099999999936422 ], [ 35.991666666470223, 5.058333333269722 ], [ 35.983333333136898, 5.058333333269722 ], [ 35.983333333136898, 5.049999999936382 ], [ 35.991666666470223, 5.049999999936382 ], [ 35.991666666470223, 5.033333333269702 ], [ 35.983333333136898, 5.033333333269702 ], [ 35.983333333136898, 5.024999999936362 ], [ 35.974999999803572, 5.024999999936362 ], [ 35.974999999803572, 4.983333333269663 ], [ 35.991666666470223, 4.983333333269663 ], [ 35.991666666470223, 4.974999999936323 ], [ 36.008333333136875, 4.974999999936323 ], [ 36.008333333136875, 4.983333333269663 ], [ 36.058333333136829, 4.983333333269663 ], [ 36.058333333136829, 4.974999999936323 ], [ 36.074999999803481, 4.974999999936323 ], [ 36.074999999803481, 4.966666666602983 ], [ 36.091666666470132, 4.966666666602983 ], [ 36.091666666470132, 4.983333333269663 ], [ 36.083333333136807, 4.983333333269663 ], [ 36.083333333136807, 4.991666666603003 ], [ 36.074999999803481, 4.991666666603003 ], [ 36.074999999803481, 4.983333333269663 ], [ 36.058333333136829, 4.983333333269663 ], [ 36.058333333136829, 4.991666666603003 ], [ 36.066666666470155, 4.991666666603003 ], [ 36.066666666470155, 5.008333333269682 ], [ 36.058333333136829, 5.008333333269682 ], [ 36.058333333136829, 5.016666666603022 ], [ 36.074999999803481, 5.016666666603022 ], [ 36.074999999803481, 5.033333333269702 ], [ 36.083333333136807, 5.033333333269702 ], [ 36.083333333136807, 5.041666666603042 ], [ 36.074999999803481, 5.041666666603042 ], [ 36.074999999803481, 5.066666666603062 ], [ 36.066666666470155, 5.066666666603062 ], [ 36.066666666470155, 5.074999999936402 ], [ 36.074999999803481, 5.074999999936402 ], [ 36.074999999803481, 5.083333333269742 ], [ 36.083333333136807, 5.083333333269742 ], [ 36.083333333136807, 5.099999999936422 ], [ 36.099999999803458, 5.099999999936422 ], [ 36.099999999803458, 5.108333333269762 ], [ 36.108333333136784, 5.108333333269762 ], [ 36.108333333136784, 5.124999999936442 ], [ 36.11666666647011, 5.124999999936442 ], [ 36.11666666647011, 5.141666666603122 ], [ 36.124999999803435, 5.141666666603122 ], [ 36.124999999803435, 5.149999999936462 ], [ 36.133333333136761, 5.149999999936462 ], [ 36.133333333136761, 5.141666666603122 ], [ 36.141666666470087, 5.141666666603122 ], [ 36.141666666470087, 5.133333333269782 ], [ 36.149999999803413, 5.133333333269782 ], [ 36.149999999803413, 5.141666666603122 ], [ 36.158333333136738, 5.141666666603122 ], [ 36.158333333136738, 5.133333333269782 ], [ 36.17499999980339, 5.133333333269782 ], [ 36.17499999980339, 5.124999999936442 ], [ 36.216666666470019, 5.124999999936442 ], [ 36.216666666470019, 5.116666666603102 ], [ 36.258333333136648, 5.116666666603102 ], [ 36.258333333136648, 5.108333333269762 ], [ 36.266666666469973, 5.108333333269762 ], [ 36.266666666469973, 5.099999999936422 ], [ 36.299999999803276, 5.099999999936422 ], [ 36.299999999803276, 5.108333333269762 ], [ 36.308333333136602, 5.108333333269762 ], [ 36.308333333136602, 5.099999999936422 ], [ 36.341666666469905, 5.099999999936422 ], [ 36.341666666469905, 5.108333333269762 ], [ 36.39166666646986, 5.108333333269762 ], [ 36.39166666646986, 5.099999999936422 ], [ 36.399999999803185, 5.099999999936422 ], [ 36.399999999803185, 5.108333333269762 ], [ 36.408333333136511, 5.108333333269762 ], [ 36.408333333136511, 5.133333333269782 ], [ 36.416666666469837, 5.133333333269782 ], [ 36.416666666469837, 5.141666666603122 ], [ 36.424999999803163, 5.141666666603122 ], [ 36.424999999803163, 5.149999999936462 ], [ 36.441666666469814, 5.149999999936462 ], [ 36.441666666469814, 5.158333333269802 ], [ 36.433333333136488, 5.158333333269802 ], [ 36.433333333136488, 5.174999999936482 ], [ 36.441666666469814, 5.174999999936482 ], [ 36.441666666469814, 5.183333333269822 ], [ 36.466666666469791, 5.183333333269822 ], [ 36.466666666469791, 5.174999999936482 ], [ 36.483333333136443, 5.174999999936482 ], [ 36.483333333136443, 5.183333333269822 ], [ 36.491666666469769, 5.183333333269822 ], [ 36.491666666469769, 5.191666666603162 ], [ 36.499999999803094, 5.191666666603162 ], [ 36.499999999803094, 5.233333333269861 ], [ 36.50833333313642, 5.233333333269861 ], [ 36.50833333313642, 5.241666666603201 ], [ 36.491666666469769, 5.241666666603201 ], [ 36.491666666469769, 5.266666666603221 ], [ 36.516666666469746, 5.266666666603221 ], [ 36.516666666469746, 5.274999999936561 ], [ 36.524999999803072, 5.274999999936561 ], [ 36.524999999803072, 5.283333333269901 ], [ 36.533333333136397, 5.283333333269901 ], [ 36.533333333136397, 5.291666666603241 ], [ 36.524999999803072, 5.291666666603241 ], [ 36.524999999803072, 5.308333333269921 ], [ 36.516666666469746, 5.308333333269921 ], [ 36.516666666469746, 5.324999999936601 ], [ 36.541666666469723, 5.324999999936601 ], [ 36.541666666469723, 5.341666666603281 ], [ 36.549999999803049, 5.341666666603281 ], [ 36.549999999803049, 5.349999999936621 ], [ 36.558333333136375, 5.349999999936621 ], [ 36.558333333136375, 5.358333333269961 ], [ 36.5666666664697, 5.358333333269961 ], [ 36.5666666664697, 5.383333333269981 ], [ 36.574999999803026, 5.383333333269981 ], [ 36.574999999803026, 5.391666666603321 ], [ 36.583333333136352, 5.391666666603321 ], [ 36.583333333136352, 5.399999999936661 ], [ 36.624999999802981, 5.399999999936661 ], [ 36.624999999802981, 5.383333333269981 ], [ 36.633333333136306, 5.383333333269981 ], [ 36.633333333136306, 5.374999999936641 ], [ 36.641666666469632, 5.374999999936641 ], [ 36.641666666469632, 5.366666666603301 ], [ 36.649999999802958, 5.366666666603301 ], [ 36.649999999802958, 5.349999999936621 ], [ 36.658333333136284, 5.349999999936621 ], [ 36.658333333136284, 5.366666666603301 ], [ 36.674999999802935, 5.366666666603301 ], [ 36.674999999802935, 5.391666666603321 ], [ 36.683333333136261, 5.391666666603321 ], [ 36.683333333136261, 5.399999999936661 ], [ 36.674999999802935, 5.399999999936661 ], [ 36.674999999802935, 5.408333333270001 ], [ 36.666666666469609, 5.408333333270001 ], [ 36.666666666469609, 5.416666666603341 ], [ 36.658333333136284, 5.416666666603341 ], [ 36.658333333136284, 5.424999999936681 ], [ 36.649999999802958, 5.424999999936681 ], [ 36.649999999802958, 5.433333333270021 ], [ 36.658333333136284, 5.433333333270021 ], [ 36.658333333136284, 5.449999999936701 ], [ 36.666666666469609, 5.449999999936701 ], [ 36.666666666469609, 5.466666666603381 ], [ 36.691666666469587, 5.466666666603381 ], [ 36.691666666469587, 5.49999999993674 ], [ 36.699999999802912, 5.49999999993674 ], [ 36.699999999802912, 5.50833333327008 ], [ 36.708333333136238, 5.50833333327008 ], [ 36.708333333136238, 5.51666666660342 ], [ 36.733333333136216, 5.51666666660342 ], [ 36.733333333136216, 5.52499999993676 ], [ 36.72499999980289, 5.52499999993676 ], [ 36.72499999980289, 5.56666666660346 ], [ 36.699999999802912, 5.56666666660346 ], [ 36.699999999802912, 5.58333333327014 ], [ 36.708333333136238, 5.58333333327014 ], [ 36.708333333136238, 5.59166666660348 ], [ 36.716666666469564, 5.59166666660348 ], [ 36.716666666469564, 5.59999999993682 ], [ 36.708333333136238, 5.59999999993682 ], [ 36.708333333136238, 5.60833333327016 ], [ 36.691666666469587, 5.60833333327016 ], [ 36.691666666469587, 5.6166666666035 ], [ 36.683333333136261, 5.6166666666035 ], [ 36.683333333136261, 5.64999999993686 ], [ 36.674999999802935, 5.64999999993686 ], [ 36.674999999802935, 5.67499999993688 ], [ 36.691666666469587, 5.67499999993688 ], [ 36.691666666469587, 5.68333333327022 ], [ 36.683333333136261, 5.68333333327022 ], [ 36.683333333136261, 5.69166666660356 ], [ 36.691666666469587, 5.69166666660356 ], [ 36.691666666469587, 5.6999999999369 ], [ 36.699999999802912, 5.6999999999369 ], [ 36.699999999802912, 5.724999999936919 ], [ 36.708333333136238, 5.724999999936919 ], [ 36.708333333136238, 5.733333333270259 ], [ 36.733333333136216, 5.733333333270259 ], [ 36.733333333136216, 5.749999999936939 ], [ 36.749999999802867, 5.749999999936939 ], [ 36.749999999802867, 5.758333333270279 ], [ 36.741666666469541, 5.758333333270279 ], [ 36.741666666469541, 5.783333333270299 ], [ 36.733333333136216, 5.783333333270299 ], [ 36.733333333136216, 5.791666666603639 ], [ 36.716666666469564, 5.791666666603639 ], [ 36.716666666469564, 5.808333333270319 ], [ 36.708333333136238, 5.808333333270319 ], [ 36.708333333136238, 5.816666666603659 ], [ 36.699999999802912, 5.816666666603659 ], [ 36.699999999802912, 5.808333333270319 ], [ 36.683333333136261, 5.808333333270319 ], [ 36.683333333136261, 5.824999999936999 ], [ 36.666666666469609, 5.824999999936999 ], [ 36.666666666469609, 5.799999999936979 ], [ 36.641666666469632, 5.799999999936979 ], [ 36.641666666469632, 5.824999999936999 ], [ 36.633333333136306, 5.824999999936999 ], [ 36.633333333136306, 5.833333333270339 ], [ 36.624999999802981, 5.833333333270339 ], [ 36.624999999802981, 5.841666666603679 ], [ 36.633333333136306, 5.841666666603679 ], [ 36.633333333136306, 5.883333333270379 ], [ 36.641666666469632, 5.883333333270379 ], [ 36.641666666469632, 5.908333333270399 ], [ 36.658333333136284, 5.908333333270399 ], [ 36.658333333136284, 5.916666666603739 ], [ 36.666666666469609, 5.916666666603739 ], [ 36.666666666469609, 5.908333333270399 ], [ 36.674999999802935, 5.908333333270399 ], [ 36.674999999802935, 5.916666666603739 ], [ 36.666666666469609, 5.916666666603739 ], [ 36.666666666469609, 5.924999999937079 ], [ 36.674999999802935, 5.924999999937079 ], [ 36.674999999802935, 5.933333333270419 ], [ 36.666666666469609, 5.933333333270419 ], [ 36.666666666469609, 5.941666666603759 ], [ 36.658333333136284, 5.941666666603759 ], [ 36.658333333136284, 5.949999999937098 ], [ 36.666666666469609, 5.949999999937098 ], [ 36.666666666469609, 5.958333333270438 ], [ 36.658333333136284, 5.958333333270438 ], [ 36.658333333136284, 5.966666666603778 ], [ 36.666666666469609, 5.966666666603778 ], [ 36.666666666469609, 6.008333333270478 ], [ 36.658333333136284, 6.008333333270478 ], [ 36.658333333136284, 6.016666666603818 ], [ 36.666666666469609, 6.016666666603818 ], [ 36.666666666469609, 6.024999999937158 ], [ 36.674999999802935, 6.024999999937158 ], [ 36.674999999802935, 6.041666666603838 ], [ 36.683333333136261, 6.041666666603838 ], [ 36.683333333136261, 6.058333333270518 ], [ 36.691666666469587, 6.058333333270518 ], [ 36.691666666469587, 6.074999999937198 ], [ 36.699999999802912, 6.074999999937198 ], [ 36.699999999802912, 6.083333333270538 ], [ 36.708333333136238, 6.083333333270538 ], [ 36.708333333136238, 6.091666666603878 ], [ 36.72499999980289, 6.091666666603878 ], [ 36.72499999980289, 6.099999999937218 ], [ 36.741666666469541, 6.099999999937218 ], [ 36.741666666469541, 6.166666666603938 ], [ 36.749999999802867, 6.166666666603938 ], [ 36.749999999802867, 6.191666666603957 ], [ 36.791666666469496, 6.191666666603957 ], [ 36.791666666469496, 6.183333333270618 ], [ 36.816666666469473, 6.183333333270618 ], [ 36.816666666469473, 6.174999999937278 ], [ 36.833333333136125, 6.174999999937278 ], [ 36.833333333136125, 6.166666666603938 ], [ 36.858333333136102, 6.166666666603938 ], [ 36.858333333136102, 6.158333333270598 ], [ 36.866666666469428, 6.158333333270598 ], [ 36.866666666469428, 6.166666666603938 ], [ 36.883333333136079, 6.166666666603938 ], [ 36.883333333136079, 6.174999999937278 ], [ 36.891666666469405, 6.174999999937278 ], [ 36.891666666469405, 6.191666666603957 ], [ 36.899999999802731, 6.191666666603957 ], [ 36.899999999802731, 6.208333333270637 ], [ 36.908333333136056, 6.208333333270637 ], [ 36.908333333136056, 6.216666666603977 ], [ 36.916666666469382, 6.216666666603977 ], [ 36.916666666469382, 6.224999999937317 ], [ 36.933333333136034, 6.224999999937317 ], [ 36.933333333136034, 6.233333333270657 ], [ 36.941666666469359, 6.233333333270657 ], [ 36.941666666469359, 6.241666666603997 ], [ 36.949999999802685, 6.241666666603997 ], [ 36.949999999802685, 6.249999999937337 ], [ 36.958333333136011, 6.249999999937337 ], [ 36.958333333136011, 6.258333333270677 ], [ 36.966666666469337, 6.258333333270677 ], [ 36.966666666469337, 6.266666666604017 ], [ 36.974999999802662, 6.266666666604017 ], [ 36.974999999802662, 6.274999999937357 ], [ 36.991666666469314, 6.274999999937357 ], [ 36.991666666469314, 6.266666666604017 ], [ 36.983333333135988, 6.266666666604017 ], [ 36.983333333135988, 6.258333333270677 ], [ 36.991666666469314, 6.258333333270677 ], [ 36.991666666469314, 6.249999999937337 ], [ 36.99999999980264, 6.249999999937337 ], [ 36.99999999980264, 6.241666666603997 ], [ 37.008333333135965, 6.241666666603997 ], [ 37.008333333135965, 6.224999999937317 ], [ 37.016666666469291, 6.224999999937317 ], [ 37.016666666469291, 6.216666666603977 ], [ 37.024999999802617, 6.216666666603977 ], [ 37.024999999802617, 6.208333333270637 ], [ 37.033333333135943, 6.208333333270637 ], [ 37.033333333135943, 6.199999999937297 ], [ 37.049999999802594, 6.199999999937297 ], [ 37.049999999802594, 6.191666666603957 ], [ 37.05833333313592, 6.191666666603957 ], [ 37.05833333313592, 6.199999999937297 ], [ 37.066666666469246, 6.199999999937297 ], [ 37.066666666469246, 6.216666666603977 ], [ 37.074999999802571, 6.216666666603977 ], [ 37.074999999802571, 6.241666666603997 ], [ 37.083333333135897, 6.241666666603997 ], [ 37.083333333135897, 6.249999999937337 ], [ 37.091666666469223, 6.249999999937337 ], [ 37.091666666469223, 6.266666666604017 ], [ 37.099999999802549, 6.266666666604017 ], [ 37.099999999802549, 6.291666666604037 ], [ 37.108333333135874, 6.291666666604037 ], [ 37.108333333135874, 6.299999999937377 ], [ 37.124999999802526, 6.299999999937377 ], [ 37.124999999802526, 6.308333333270717 ], [ 37.141666666469177, 6.308333333270717 ], [ 37.141666666469177, 6.266666666604017 ], [ 37.149999999802503, 6.266666666604017 ], [ 37.149999999802503, 6.241666666603997 ], [ 37.141666666469177, 6.241666666603997 ], [ 37.141666666469177, 6.216666666603977 ], [ 37.133333333135852, 6.216666666603977 ], [ 37.133333333135852, 6.208333333270637 ], [ 37.124999999802526, 6.208333333270637 ], [ 37.124999999802526, 6.199999999937297 ], [ 37.133333333135852, 6.199999999937297 ], [ 37.133333333135852, 6.191666666603957 ], [ 37.124999999802526, 6.191666666603957 ], [ 37.124999999802526, 6.166666666603938 ], [ 37.133333333135852, 6.166666666603938 ], [ 37.133333333135852, 6.158333333270598 ], [ 37.158333333135829, 6.158333333270598 ], [ 37.158333333135829, 6.149999999937258 ], [ 37.183333333135806, 6.149999999937258 ], [ 37.183333333135806, 6.141666666603918 ], [ 37.216666666469109, 6.141666666603918 ], [ 37.216666666469109, 6.133333333270578 ], [ 37.224999999802435, 6.133333333270578 ], [ 37.224999999802435, 6.124999999937238 ], [ 37.241666666469087, 6.124999999937238 ], [ 37.241666666469087, 6.108333333270558 ], [ 37.249999999802412, 6.108333333270558 ], [ 37.249999999802412, 6.116666666603898 ], [ 37.258333333135738, 6.116666666603898 ], [ 37.258333333135738, 6.108333333270558 ], [ 37.27499999980239, 6.108333333270558 ], [ 37.27499999980239, 6.124999999937238 ], [ 37.283333333135715, 6.124999999937238 ], [ 37.283333333135715, 6.133333333270578 ], [ 37.291666666469041, 6.133333333270578 ], [ 37.291666666469041, 6.141666666603918 ], [ 37.299999999802367, 6.141666666603918 ], [ 37.299999999802367, 6.149999999937258 ], [ 37.308333333135693, 6.149999999937258 ], [ 37.308333333135693, 6.158333333270598 ], [ 37.316666666469018, 6.158333333270598 ], [ 37.316666666469018, 6.174999999937278 ], [ 37.324999999802344, 6.174999999937278 ], [ 37.324999999802344, 6.183333333270618 ], [ 37.33333333313567, 6.183333333270618 ], [ 37.33333333313567, 6.191666666603957 ], [ 37.349999999802321, 6.191666666603957 ], [ 37.349999999802321, 6.199999999937297 ], [ 37.358333333135647, 6.199999999937297 ], [ 37.358333333135647, 6.208333333270637 ], [ 37.374999999802299, 6.208333333270637 ], [ 37.374999999802299, 6.199999999937297 ], [ 37.39166666646895, 6.199999999937297 ], [ 37.39166666646895, 6.208333333270637 ], [ 37.399999999802276, 6.208333333270637 ], [ 37.399999999802276, 6.233333333270657 ], [ 37.424999999802253, 6.233333333270657 ], [ 37.424999999802253, 6.249999999937337 ], [ 37.441666666468905, 6.249999999937337 ], [ 37.441666666468905, 6.258333333270677 ], [ 37.44999999980223, 6.258333333270677 ], [ 37.44999999980223, 6.266666666604017 ], [ 37.458333333135556, 6.266666666604017 ], [ 37.458333333135556, 6.274999999937357 ], [ 37.466666666468882, 6.274999999937357 ], [ 37.466666666468882, 6.266666666604017 ], [ 37.474999999802208, 6.266666666604017 ], [ 37.474999999802208, 6.274999999937357 ], [ 37.483333333135533, 6.274999999937357 ], [ 37.483333333135533, 6.283333333270697 ], [ 37.491666666468859, 6.283333333270697 ], [ 37.491666666468859, 6.291666666604037 ], [ 37.508333333135511, 6.291666666604037 ], [ 37.508333333135511, 6.299999999937377 ], [ 37.524999999802162, 6.299999999937377 ], [ 37.524999999802162, 6.291666666604037 ], [ 37.533333333135488, 6.291666666604037 ], [ 37.533333333135488, 6.299999999937377 ], [ 37.566666666468791, 6.299999999937377 ], [ 37.566666666468791, 6.308333333270717 ], [ 37.583333333135442, 6.308333333270717 ], [ 37.583333333135442, 6.316666666604057 ], [ 37.574999999802117, 6.316666666604057 ], [ 37.574999999802117, 6.341666666604077 ], [ 37.583333333135442, 6.341666666604077 ], [ 37.583333333135442, 6.349999999937417 ], [ 37.599999999802094, 6.349999999937417 ], [ 37.599999999802094, 6.374999999937437 ], [ 37.60833333313542, 6.374999999937437 ], [ 37.60833333313542, 6.383333333270777 ], [ 37.616666666468745, 6.383333333270777 ], [ 37.616666666468745, 6.391666666604117 ], [ 37.624999999802071, 6.391666666604117 ], [ 37.624999999802071, 6.383333333270777 ], [ 37.641666666468723, 6.383333333270777 ], [ 37.641666666468723, 6.399999999937457 ], [ 37.633333333135397, 6.399999999937457 ], [ 37.633333333135397, 6.408333333270797 ], [ 37.624999999802071, 6.408333333270797 ], [ 37.624999999802071, 6.424999999937477 ], [ 37.616666666468745, 6.424999999937477 ], [ 37.616666666468745, 6.441666666604156 ], [ 37.624999999802071, 6.441666666604156 ], [ 37.624999999802071, 6.449999999937496 ], [ 37.616666666468745, 6.449999999937496 ], [ 37.616666666468745, 6.458333333270836 ], [ 37.60833333313542, 6.458333333270836 ], [ 37.60833333313542, 6.474999999937516 ], [ 37.616666666468745, 6.474999999937516 ], [ 37.616666666468745, 6.491666666604196 ], [ 37.624999999802071, 6.491666666604196 ], [ 37.624999999802071, 6.508333333270876 ], [ 37.633333333135397, 6.508333333270876 ], [ 37.633333333135397, 6.541666666604236 ], [ 37.641666666468723, 6.541666666604236 ], [ 37.641666666468723, 6.549999999937576 ], [ 37.649999999802048, 6.549999999937576 ], [ 37.649999999802048, 6.558333333270916 ], [ 37.658333333135374, 6.558333333270916 ], [ 37.658333333135374, 6.566666666604256 ], [ 37.6666666664687, 6.566666666604256 ], [ 37.6666666664687, 6.583333333270936 ], [ 37.683333333135351, 6.583333333270936 ], [ 37.683333333135351, 6.591666666604276 ], [ 37.691666666468677, 6.591666666604276 ], [ 37.691666666468677, 6.616666666604296 ], [ 37.699999999802003, 6.616666666604296 ], [ 37.699999999802003, 6.641666666604316 ], [ 37.708333333135329, 6.641666666604316 ], [ 37.708333333135329, 6.649999999937656 ], [ 37.716666666468655, 6.649999999937656 ], [ 37.716666666468655, 6.658333333270996 ], [ 37.72499999980198, 6.658333333270996 ], [ 37.72499999980198, 6.666666666604335 ], [ 37.716666666468655, 6.666666666604335 ], [ 37.716666666468655, 6.674999999937675 ], [ 37.708333333135329, 6.674999999937675 ], [ 37.708333333135329, 6.691666666604355 ], [ 37.716666666468655, 6.691666666604355 ], [ 37.716666666468655, 6.699999999937695 ], [ 37.72499999980198, 6.699999999937695 ], [ 37.72499999980198, 6.708333333271035 ], [ 37.733333333135306, 6.708333333271035 ], [ 37.733333333135306, 6.716666666604375 ], [ 37.741666666468632, 6.716666666604375 ], [ 37.741666666468632, 6.724999999937715 ], [ 37.749999999801958, 6.724999999937715 ], [ 37.749999999801958, 6.749999999937735 ], [ 37.758333333135283, 6.749999999937735 ], [ 37.758333333135283, 6.783333333271095 ], [ 37.749999999801958, 6.783333333271095 ], [ 37.749999999801958, 6.824999999937795 ], [ 37.758333333135283, 6.824999999937795 ], [ 37.758333333135283, 6.866666666604495 ], [ 37.766666666468609, 6.866666666604495 ], [ 37.766666666468609, 6.883333333271175 ], [ 37.774999999801935, 6.883333333271175 ], [ 37.774999999801935, 6.899999999937855 ], [ 37.783333333135261, 6.899999999937855 ], [ 37.783333333135261, 6.908333333271194 ], [ 37.791666666468586, 6.908333333271194 ], [ 37.791666666468586, 6.916666666604534 ], [ 37.799999999801912, 6.916666666604534 ], [ 37.799999999801912, 6.924999999937874 ], [ 37.808333333135238, 6.924999999937874 ], [ 37.808333333135238, 6.941666666604554 ], [ 37.824999999801889, 6.941666666604554 ], [ 37.824999999801889, 6.949999999937894 ], [ 37.833333333135215, 6.949999999937894 ], [ 37.833333333135215, 6.974999999937914 ], [ 37.841666666468541, 6.974999999937914 ], [ 37.841666666468541, 6.983333333271254 ], [ 37.849999999801867, 6.983333333271254 ], [ 37.849999999801867, 6.991666666604594 ], [ 37.858333333135192, 6.991666666604594 ], [ 37.858333333135192, 7.008333333271274 ], [ 37.866666666468518, 7.008333333271274 ], [ 37.866666666468518, 7.016666666604614 ], [ 37.874999999801844, 7.016666666604614 ], [ 37.874999999801844, 7.024999999937954 ], [ 37.866666666468518, 7.024999999937954 ], [ 37.866666666468518, 7.033333333271294 ], [ 37.874999999801844, 7.033333333271294 ], [ 37.874999999801844, 7.066666666604654 ], [ 37.866666666468518, 7.066666666604654 ], [ 37.866666666468518, 7.074999999937994 ], [ 37.874999999801844, 7.074999999937994 ], [ 37.874999999801844, 7.083333333271334 ], [ 37.88333333313517, 7.083333333271334 ], [ 37.88333333313517, 7.091666666604674 ], [ 37.891666666468495, 7.091666666604674 ], [ 37.891666666468495, 7.116666666604694 ], [ 37.899999999801821, 7.116666666604694 ], [ 37.899999999801821, 7.133333333271374 ], [ 37.908333333135147, 7.133333333271374 ], [ 37.908333333135147, 7.158333333271393 ], [ 37.916666666468473, 7.158333333271393 ], [ 37.916666666468473, 7.166666666604733 ], [ 37.924999999801798, 7.166666666604733 ], [ 37.924999999801798, 7.191666666604753 ], [ 37.933333333135124, 7.191666666604753 ], [ 37.933333333135124, 7.199999999938093 ], [ 37.949999999801776, 7.199999999938093 ], [ 37.949999999801776, 7.216666666604773 ], [ 37.94166666646845, 7.216666666604773 ], [ 37.94166666646845, 7.224999999938113 ], [ 37.949999999801776, 7.224999999938113 ], [ 37.949999999801776, 7.249999999938133 ], [ 37.94166666646845, 7.249999999938133 ], [ 37.94166666646845, 7.258333333271473 ], [ 37.933333333135124, 7.258333333271473 ], [ 37.933333333135124, 7.249999999938133 ], [ 37.924999999801798, 7.249999999938133 ], [ 37.924999999801798, 7.258333333271473 ], [ 37.916666666468473, 7.258333333271473 ], [ 37.916666666468473, 7.249999999938133 ], [ 37.908333333135147, 7.249999999938133 ], [ 37.908333333135147, 7.258333333271473 ], [ 37.899999999801821, 7.258333333271473 ], [ 37.899999999801821, 7.283333333271493 ], [ 37.891666666468495, 7.283333333271493 ], [ 37.891666666468495, 7.291666666604833 ], [ 37.866666666468518, 7.291666666604833 ], [ 37.866666666468518, 7.274999999938153 ], [ 37.858333333135192, 7.274999999938153 ], [ 37.858333333135192, 7.266666666604813 ], [ 37.849999999801867, 7.266666666604813 ], [ 37.849999999801867, 7.274999999938153 ], [ 37.841666666468541, 7.274999999938153 ], [ 37.841666666468541, 7.266666666604813 ], [ 37.833333333135215, 7.266666666604813 ], [ 37.833333333135215, 7.274999999938153 ], [ 37.824999999801889, 7.274999999938153 ], [ 37.824999999801889, 7.291666666604833 ], [ 37.791666666468586, 7.291666666604833 ], [ 37.791666666468586, 7.316666666604853 ], [ 37.774999999801935, 7.316666666604853 ], [ 37.774999999801935, 7.324999999938193 ], [ 37.783333333135261, 7.324999999938193 ], [ 37.783333333135261, 7.333333333271533 ], [ 37.774999999801935, 7.333333333271533 ], [ 37.774999999801935, 7.341666666604873 ], [ 37.783333333135261, 7.341666666604873 ], [ 37.783333333135261, 7.374999999938233 ], [ 37.791666666468586, 7.374999999938233 ], [ 37.791666666468586, 7.383333333271572 ], [ 37.783333333135261, 7.383333333271572 ], [ 37.783333333135261, 7.391666666604912 ], [ 37.791666666468586, 7.391666666604912 ], [ 37.791666666468586, 7.408333333271592 ], [ 37.799999999801912, 7.408333333271592 ], [ 37.799999999801912, 7.424999999938272 ], [ 37.808333333135238, 7.424999999938272 ], [ 37.808333333135238, 7.433333333271612 ], [ 37.816666666468564, 7.433333333271612 ], [ 37.816666666468564, 7.441666666604952 ], [ 37.833333333135215, 7.441666666604952 ], [ 37.833333333135215, 7.449999999938292 ], [ 37.841666666468541, 7.449999999938292 ], [ 37.841666666468541, 7.466666666604972 ], [ 37.833333333135215, 7.466666666604972 ], [ 37.833333333135215, 7.474999999938312 ], [ 37.841666666468541, 7.474999999938312 ], [ 37.841666666468541, 7.483333333271652 ], [ 37.849999999801867, 7.483333333271652 ], [ 37.849999999801867, 7.491666666604992 ], [ 37.858333333135192, 7.491666666604992 ], [ 37.858333333135192, 7.499999999938332 ], [ 37.866666666468518, 7.499999999938332 ], [ 37.866666666468518, 7.508333333271672 ], [ 37.874999999801844, 7.508333333271672 ], [ 37.874999999801844, 7.541666666605032 ], [ 37.866666666468518, 7.541666666605032 ], [ 37.866666666468518, 7.574999999938392 ], [ 37.858333333135192, 7.574999999938392 ], [ 37.858333333135192, 7.583333333271732 ], [ 37.849999999801867, 7.583333333271732 ], [ 37.849999999801867, 7.599999999938412 ], [ 37.841666666468541, 7.599999999938412 ], [ 37.841666666468541, 7.608333333271752 ], [ 37.816666666468564, 7.608333333271752 ], [ 37.816666666468564, 7.616666666605092 ], [ 37.808333333135238, 7.616666666605092 ], [ 37.808333333135238, 7.633333333271771 ], [ 37.799999999801912, 7.633333333271771 ], [ 37.799999999801912, 7.649999999938451 ], [ 37.808333333135238, 7.649999999938451 ], [ 37.808333333135238, 7.658333333271791 ], [ 37.816666666468564, 7.658333333271791 ], [ 37.816666666468564, 7.674999999938471 ], [ 37.824999999801889, 7.674999999938471 ], [ 37.824999999801889, 7.683333333271811 ], [ 37.816666666468564, 7.683333333271811 ], [ 37.816666666468564, 7.699999999938491 ], [ 37.824999999801889, 7.699999999938491 ], [ 37.824999999801889, 7.716666666605171 ], [ 37.833333333135215, 7.716666666605171 ], [ 37.833333333135215, 7.708333333271831 ], [ 37.858333333135192, 7.708333333271831 ], [ 37.858333333135192, 7.724999999938511 ], [ 37.874999999801844, 7.724999999938511 ], [ 37.874999999801844, 7.733333333271851 ], [ 37.88333333313517, 7.733333333271851 ], [ 37.88333333313517, 7.741666666605191 ], [ 37.891666666468495, 7.741666666605191 ], [ 37.891666666468495, 7.749999999938531 ], [ 37.908333333135147, 7.749999999938531 ], [ 37.908333333135147, 7.758333333271871 ], [ 37.933333333135124, 7.758333333271871 ], [ 37.933333333135124, 7.766666666605211 ], [ 37.94166666646845, 7.766666666605211 ], [ 37.94166666646845, 7.774999999938551 ], [ 37.966666666468427, 7.774999999938551 ], [ 37.966666666468427, 7.833333333271931 ], [ 37.974999999801753, 7.833333333271931 ], [ 37.974999999801753, 7.841666666605271 ], [ 37.99999999980173, 7.841666666605271 ], [ 37.99999999980173, 7.849999999938611 ], [ 38.008333333135056, 7.849999999938611 ], [ 38.008333333135056, 7.85833333327195 ], [ 38.016666666468382, 7.85833333327195 ], [ 38.016666666468382, 7.87499999993863 ], [ 38.033333333135033, 7.87499999993863 ], [ 38.033333333135033, 7.88333333327197 ], [ 38.049999999801685, 7.88333333327197 ], [ 38.049999999801685, 7.89999999993865 ], [ 38.05833333313501, 7.89999999993865 ], [ 38.05833333313501, 7.90833333327199 ], [ 38.066666666468336, 7.90833333327199 ], [ 38.066666666468336, 7.91666666660533 ], [ 38.074999999801662, 7.91666666660533 ], [ 38.074999999801662, 7.94166666660535 ], [ 38.066666666468336, 7.94166666660535 ], [ 38.066666666468336, 7.95833333327203 ], [ 38.074999999801662, 7.95833333327203 ], [ 38.074999999801662, 7.97499999993871 ], [ 38.083333333134988, 7.97499999993871 ], [ 38.083333333134988, 7.98333333327205 ], [ 38.091666666468313, 7.98333333327205 ], [ 38.091666666468313, 7.99166666660539 ], [ 38.099999999801639, 7.99166666660539 ], [ 38.099999999801639, 7.99999999993873 ], [ 38.108333333134965, 7.99999999993873 ], [ 38.108333333134965, 8.00833333327207 ], [ 38.116666666468291, 8.00833333327207 ], [ 38.116666666468291, 8.02499999993875 ], [ 38.124999999801616, 8.02499999993875 ], [ 38.124999999801616, 8.03333333327209 ], [ 38.133333333134942, 8.03333333327209 ], [ 38.133333333134942, 8.04166666660543 ], [ 38.141666666468268, 8.04166666660543 ], [ 38.141666666468268, 8.04999999993877 ], [ 38.158333333134919, 8.04999999993877 ], [ 38.158333333134919, 8.05833333327211 ], [ 38.166666666468245, 8.05833333327211 ], [ 38.166666666468245, 8.06666666660545 ], [ 38.174999999801571, 8.06666666660545 ], [ 38.174999999801571, 8.08333333327213 ], [ 38.183333333134897, 8.08333333327213 ], [ 38.183333333134897, 8.09166666660547 ], [ 38.191666666468223, 8.09166666660547 ], [ 38.191666666468223, 8.108333333272149 ], [ 38.199999999801548, 8.108333333272149 ], [ 38.199999999801548, 8.116666666605489 ], [ 38.208333333134874, 8.116666666605489 ], [ 38.208333333134874, 8.124999999938829 ], [ 38.249999999801503, 8.124999999938829 ], [ 38.249999999801503, 8.133333333272169 ], [ 38.258333333134829, 8.133333333272169 ], [ 38.258333333134829, 8.141666666605509 ], [ 38.266666666468154, 8.141666666605509 ], [ 38.266666666468154, 8.166666666605529 ], [ 38.27499999980148, 8.166666666605529 ], [ 38.27499999980148, 8.191666666605549 ], [ 38.283333333134806, 8.191666666605549 ], [ 38.283333333134806, 8.208333333272229 ], [ 38.291666666468132, 8.208333333272229 ], [ 38.291666666468132, 8.216666666605569 ], [ 38.299999999801457, 8.216666666605569 ], [ 38.299999999801457, 8.224999999938909 ], [ 38.308333333134783, 8.224999999938909 ], [ 38.308333333134783, 8.233333333272249 ], [ 38.324999999801435, 8.233333333272249 ], [ 38.324999999801435, 8.249999999938929 ], [ 38.33333333313476, 8.249999999938929 ], [ 38.33333333313476, 8.258333333272269 ], [ 38.341666666468086, 8.258333333272269 ], [ 38.341666666468086, 8.266666666605609 ], [ 38.358333333134738, 8.266666666605609 ], [ 38.358333333134738, 8.274999999938949 ], [ 38.366666666468063, 8.274999999938949 ], [ 38.366666666468063, 8.283333333272289 ], [ 38.383333333134715, 8.283333333272289 ], [ 38.383333333134715, 8.291666666605629 ], [ 38.391666666468041, 8.291666666605629 ], [ 38.391666666468041, 8.341666666605668 ], [ 38.399999999801366, 8.341666666605668 ], [ 38.399999999801366, 8.349999999939008 ], [ 38.408333333134692, 8.349999999939008 ], [ 38.408333333134692, 8.383333333272368 ], [ 38.399999999801366, 8.383333333272368 ], [ 38.399999999801366, 8.391666666605708 ], [ 38.391666666468041, 8.391666666605708 ], [ 38.391666666468041, 8.383333333272368 ], [ 38.383333333134715, 8.383333333272368 ], [ 38.383333333134715, 8.399999999939048 ], [ 38.374999999801389, 8.399999999939048 ], [ 38.374999999801389, 8.408333333272388 ], [ 38.358333333134738, 8.408333333272388 ], [ 38.358333333134738, 8.416666666605728 ], [ 38.341666666468086, 8.416666666605728 ], [ 38.341666666468086, 8.424999999939068 ], [ 38.33333333313476, 8.424999999939068 ], [ 38.33333333313476, 8.433333333272408 ], [ 38.316666666468109, 8.433333333272408 ], [ 38.316666666468109, 8.441666666605748 ], [ 38.308333333134783, 8.441666666605748 ], [ 38.308333333134783, 8.449999999939088 ], [ 38.27499999980148, 8.449999999939088 ], [ 38.27499999980148, 8.458333333272428 ], [ 38.258333333134829, 8.458333333272428 ], [ 38.258333333134829, 8.466666666605768 ], [ 38.249999999801503, 8.466666666605768 ], [ 38.249999999801503, 8.474999999939108 ], [ 38.233333333134851, 8.474999999939108 ], [ 38.233333333134851, 8.483333333272448 ], [ 38.224999999801526, 8.483333333272448 ], [ 38.224999999801526, 8.499999999939128 ], [ 38.2166666664682, 8.499999999939128 ], [ 38.2166666664682, 8.508333333272468 ], [ 38.199999999801548, 8.508333333272468 ], [ 38.199999999801548, 8.516666666605808 ], [ 38.191666666468223, 8.516666666605808 ], [ 38.191666666468223, 8.524999999939148 ], [ 38.174999999801571, 8.524999999939148 ], [ 38.174999999801571, 8.541666666605828 ], [ 38.149999999801594, 8.541666666605828 ], [ 38.149999999801594, 8.549999999939168 ], [ 38.133333333134942, 8.549999999939168 ], [ 38.133333333134942, 8.558333333272508 ], [ 38.124999999801616, 8.558333333272508 ], [ 38.124999999801616, 8.566666666605848 ], [ 38.116666666468291, 8.566666666605848 ], [ 38.116666666468291, 8.574999999939187 ], [ 38.124999999801616, 8.574999999939187 ], [ 38.124999999801616, 8.608333333272547 ], [ 38.133333333134942, 8.608333333272547 ], [ 38.133333333134942, 8.616666666605887 ], [ 38.116666666468291, 8.616666666605887 ], [ 38.116666666468291, 8.624999999939227 ], [ 38.091666666468313, 8.624999999939227 ], [ 38.091666666468313, 8.633333333272567 ], [ 38.083333333134988, 8.633333333272567 ], [ 38.083333333134988, 8.641666666605907 ], [ 38.049999999801685, 8.641666666605907 ], [ 38.049999999801685, 8.649999999939247 ], [ 38.041666666468359, 8.649999999939247 ], [ 38.041666666468359, 8.666666666605927 ], [ 38.033333333135033, 8.666666666605927 ], [ 38.033333333135033, 8.674999999939267 ], [ 38.024999999801707, 8.674999999939267 ], [ 38.024999999801707, 8.699999999939287 ], [ 38.016666666468382, 8.699999999939287 ], [ 38.016666666468382, 8.708333333272627 ], [ 38.008333333135056, 8.708333333272627 ], [ 38.008333333135056, 8.716666666605967 ], [ 37.991666666468404, 8.716666666605967 ], [ 37.991666666468404, 8.724999999939307 ], [ 37.99999999980173, 8.724999999939307 ], [ 37.99999999980173, 8.733333333272647 ], [ 37.974999999801753, 8.733333333272647 ], [ 37.974999999801753, 8.749999999939327 ], [ 37.966666666468427, 8.749999999939327 ], [ 37.966666666468427, 8.766666666606007 ], [ 37.958333333135101, 8.766666666606007 ], [ 37.958333333135101, 8.774999999939347 ], [ 37.949999999801776, 8.774999999939347 ], [ 37.949999999801776, 8.783333333272687 ], [ 37.924999999801798, 8.783333333272687 ], [ 37.924999999801798, 8.791666666606027 ], [ 37.916666666468473, 8.791666666606027 ], [ 37.916666666468473, 8.808333333272707 ], [ 37.899999999801821, 8.808333333272707 ], [ 37.899999999801821, 8.816666666606046 ], [ 37.891666666468495, 8.816666666606046 ], [ 37.891666666468495, 8.808333333272707 ], [ 37.874999999801844, 8.808333333272707 ], [ 37.874999999801844, 8.799999999939367 ], [ 37.866666666468518, 8.799999999939367 ], [ 37.866666666468518, 8.808333333272707 ], [ 37.858333333135192, 8.808333333272707 ], [ 37.858333333135192, 8.816666666606046 ], [ 37.841666666468541, 8.816666666606046 ], [ 37.841666666468541, 8.783333333272687 ], [ 37.833333333135215, 8.783333333272687 ], [ 37.833333333135215, 8.774999999939347 ], [ 37.824999999801889, 8.774999999939347 ], [ 37.824999999801889, 8.766666666606007 ], [ 37.799999999801912, 8.766666666606007 ], [ 37.799999999801912, 8.749999999939327 ], [ 37.791666666468586, 8.749999999939327 ], [ 37.791666666468586, 8.741666666605987 ], [ 37.774999999801935, 8.741666666605987 ], [ 37.774999999801935, 8.733333333272647 ], [ 37.766666666468609, 8.733333333272647 ], [ 37.766666666468609, 8.724999999939307 ], [ 37.749999999801958, 8.724999999939307 ], [ 37.749999999801958, 8.733333333272647 ], [ 37.708333333135329, 8.733333333272647 ], [ 37.708333333135329, 8.724999999939307 ], [ 37.691666666468677, 8.724999999939307 ], [ 37.691666666468677, 8.716666666605967 ], [ 37.683333333135351, 8.716666666605967 ], [ 37.683333333135351, 8.708333333272627 ], [ 37.658333333135374, 8.708333333272627 ], [ 37.658333333135374, 8.699999999939287 ], [ 37.649999999802048, 8.699999999939287 ], [ 37.649999999802048, 8.708333333272627 ], [ 37.641666666468723, 8.708333333272627 ], [ 37.641666666468723, 8.699999999939287 ], [ 37.633333333135397, 8.699999999939287 ], [ 37.633333333135397, 8.708333333272627 ], [ 37.60833333313542, 8.708333333272627 ], [ 37.60833333313542, 8.716666666605967 ], [ 37.599999999802094, 8.716666666605967 ], [ 37.599999999802094, 8.724999999939307 ], [ 37.591666666468768, 8.724999999939307 ], [ 37.591666666468768, 8.733333333272647 ], [ 37.583333333135442, 8.733333333272647 ], [ 37.583333333135442, 8.741666666605987 ], [ 37.574999999802117, 8.741666666605987 ], [ 37.574999999802117, 8.733333333272647 ], [ 37.549999999802139, 8.733333333272647 ], [ 37.549999999802139, 8.741666666605987 ], [ 37.533333333135488, 8.741666666605987 ], [ 37.533333333135488, 8.724999999939307 ], [ 37.516666666468836, 8.724999999939307 ], [ 37.516666666468836, 8.733333333272647 ], [ 37.499999999802185, 8.733333333272647 ], [ 37.499999999802185, 8.749999999939327 ], [ 37.491666666468859, 8.749999999939327 ], [ 37.491666666468859, 8.766666666606007 ], [ 37.483333333135533, 8.766666666606007 ], [ 37.483333333135533, 8.783333333272687 ], [ 37.499999999802185, 8.783333333272687 ], [ 37.499999999802185, 8.774999999939347 ], [ 37.516666666468836, 8.774999999939347 ], [ 37.516666666468836, 8.791666666606027 ], [ 37.524999999802162, 8.791666666606027 ], [ 37.524999999802162, 8.799999999939367 ], [ 37.541666666468814, 8.799999999939367 ], [ 37.541666666468814, 8.816666666606046 ], [ 37.549999999802139, 8.816666666606046 ], [ 37.549999999802139, 8.824999999939386 ], [ 37.541666666468814, 8.824999999939386 ], [ 37.541666666468814, 8.833333333272726 ], [ 37.549999999802139, 8.833333333272726 ], [ 37.549999999802139, 8.841666666606066 ], [ 37.558333333135465, 8.841666666606066 ], [ 37.558333333135465, 8.858333333272746 ], [ 37.566666666468791, 8.858333333272746 ], [ 37.566666666468791, 8.874999999939426 ], [ 37.574999999802117, 8.874999999939426 ], [ 37.574999999802117, 8.883333333272766 ], [ 37.583333333135442, 8.883333333272766 ], [ 37.583333333135442, 8.891666666606106 ], [ 37.599999999802094, 8.891666666606106 ], [ 37.599999999802094, 8.899999999939446 ], [ 37.60833333313542, 8.899999999939446 ], [ 37.60833333313542, 8.924999999939466 ], [ 37.599999999802094, 8.924999999939466 ], [ 37.599999999802094, 8.933333333272806 ], [ 37.574999999802117, 8.933333333272806 ], [ 37.574999999802117, 8.924999999939466 ], [ 37.516666666468836, 8.924999999939466 ], [ 37.516666666468836, 8.941666666606146 ], [ 37.508333333135511, 8.941666666606146 ], [ 37.508333333135511, 8.949999999939486 ], [ 37.491666666468859, 8.949999999939486 ], [ 37.491666666468859, 8.966666666606166 ], [ 37.474999999802208, 8.966666666606166 ], [ 37.474999999802208, 8.974999999939506 ], [ 37.466666666468882, 8.974999999939506 ], [ 37.466666666468882, 8.983333333272846 ], [ 37.458333333135556, 8.983333333272846 ], [ 37.458333333135556, 8.991666666606186 ], [ 37.466666666468882, 8.991666666606186 ], [ 37.466666666468882, 8.999999999939526 ], [ 37.458333333135556, 8.999999999939526 ], [ 37.458333333135556, 9.008333333272866 ], [ 37.44999999980223, 9.008333333272866 ], [ 37.44999999980223, 9.041666666606226 ], [ 37.441666666468905, 9.041666666606226 ], [ 37.441666666468905, 9.049999999939565 ], [ 37.424999999802253, 9.049999999939565 ], [ 37.424999999802253, 9.058333333272905 ], [ 37.408333333135602, 9.058333333272905 ], [ 37.408333333135602, 9.066666666606245 ], [ 37.399999999802276, 9.066666666606245 ], [ 37.399999999802276, 9.074999999939585 ], [ 37.39166666646895, 9.074999999939585 ], [ 37.39166666646895, 9.083333333272925 ], [ 37.383333333135624, 9.083333333272925 ], [ 37.383333333135624, 9.091666666606265 ], [ 37.39166666646895, 9.091666666606265 ], [ 37.39166666646895, 9.099999999939605 ], [ 37.399999999802276, 9.099999999939605 ], [ 37.399999999802276, 9.108333333272945 ], [ 37.383333333135624, 9.108333333272945 ], [ 37.383333333135624, 9.116666666606285 ], [ 37.374999999802299, 9.116666666606285 ], [ 37.374999999802299, 9.108333333272945 ], [ 37.366666666468973, 9.108333333272945 ], [ 37.366666666468973, 9.099999999939605 ], [ 37.349999999802321, 9.099999999939605 ], [ 37.349999999802321, 9.091666666606265 ], [ 37.324999999802344, 9.091666666606265 ], [ 37.324999999802344, 9.108333333272945 ], [ 37.308333333135693, 9.108333333272945 ], [ 37.308333333135693, 9.116666666606285 ], [ 37.291666666469041, 9.116666666606285 ], [ 37.291666666469041, 9.133333333272965 ], [ 37.283333333135715, 9.133333333272965 ], [ 37.283333333135715, 9.166666666606325 ], [ 37.266666666469064, 9.166666666606325 ], [ 37.266666666469064, 9.174999999939665 ], [ 37.258333333135738, 9.174999999939665 ], [ 37.258333333135738, 9.183333333273005 ], [ 37.249999999802412, 9.183333333273005 ], [ 37.249999999802412, 9.174999999939665 ], [ 37.233333333135761, 9.174999999939665 ], [ 37.233333333135761, 9.183333333273005 ], [ 37.241666666469087, 9.183333333273005 ], [ 37.241666666469087, 9.199999999939685 ], [ 37.224999999802435, 9.199999999939685 ], [ 37.224999999802435, 9.208333333273025 ], [ 37.216666666469109, 9.208333333273025 ], [ 37.216666666469109, 9.216666666606365 ], [ 37.208333333135784, 9.216666666606365 ], [ 37.208333333135784, 9.224999999939705 ], [ 37.199999999802458, 9.224999999939705 ], [ 37.199999999802458, 9.241666666606385 ], [ 37.17499999980248, 9.241666666606385 ], [ 37.17499999980248, 9.249999999939725 ], [ 37.166666666469155, 9.249999999939725 ], [ 37.166666666469155, 9.266666666606405 ], [ 37.149999999802503, 9.266666666606405 ], [ 37.149999999802503, 9.274999999939745 ], [ 37.141666666469177, 9.274999999939745 ], [ 37.141666666469177, 9.283333333273085 ], [ 37.124999999802526, 9.283333333273085 ], [ 37.124999999802526, 9.291666666606424 ], [ 37.1166666664692, 9.291666666606424 ], [ 37.1166666664692, 9.316666666606444 ], [ 37.099999999802549, 9.316666666606444 ], [ 37.099999999802549, 9.324999999939784 ], [ 37.083333333135897, 9.324999999939784 ], [ 37.083333333135897, 9.333333333273124 ], [ 37.074999999802571, 9.333333333273124 ], [ 37.074999999802571, 9.349999999939804 ], [ 37.066666666469246, 9.349999999939804 ], [ 37.066666666469246, 9.358333333273144 ], [ 37.05833333313592, 9.358333333273144 ], [ 37.05833333313592, 9.366666666606484 ], [ 37.024999999802617, 9.366666666606484 ] ] ] } },
{ "type": "Feature", "properties": { "value": 1.0 }, "geometry": { "type": "Polygon", "coordinates": [ [ [ 35.491666666470678, 6.199999999937297 ], [ 35.491666666470678, 6.191666666603957 ], [ 35.483333333137352, 6.191666666603957 ], [ 35.483333333137352, 6.183333333270618 ], [ 35.474999999804027, 6.183333333270618 ], [ 35.474999999804027, 6.174999999937278 ], [ 35.458333333137375, 6.174999999937278 ], [ 35.458333333137375, 6.158333333270598 ], [ 35.466666666470701, 6.158333333270598 ], [ 35.466666666470701, 6.149999999937258 ], [ 35.449999999804049, 6.149999999937258 ], [ 35.449999999804049, 6.133333333270578 ], [ 35.433333333137398, 6.133333333270578 ], [ 35.433333333137398, 6.124999999937238 ], [ 35.408333333137421, 6.124999999937238 ], [ 35.408333333137421, 6.116666666603898 ], [ 35.399999999804095, 6.116666666603898 ], [ 35.399999999804095, 6.099999999937218 ], [ 35.383333333137443, 6.099999999937218 ], [ 35.383333333137443, 6.091666666603878 ], [ 35.374999999804118, 6.091666666603878 ], [ 35.374999999804118, 6.099999999937218 ], [ 35.366666666470792, 6.099999999937218 ], [ 35.366666666470792, 6.108333333270558 ], [ 35.34999999980414, 6.108333333270558 ], [ 35.34999999980414, 6.099999999937218 ], [ 35.341666666470815, 6.099999999937218 ], [ 35.341666666470815, 6.091666666603878 ], [ 35.333333333137489, 6.091666666603878 ], [ 35.333333333137489, 6.074999999937198 ], [ 35.316666666470837, 6.074999999937198 ], [ 35.316666666470837, 6.066666666603858 ], [ 35.308333333137512, 6.066666666603858 ], [ 35.308333333137512, 6.074999999937198 ], [ 35.299999999804186, 6.074999999937198 ], [ 35.299999999804186, 6.066666666603858 ], [ 35.29166666647086, 6.066666666603858 ], [ 35.29166666647086, 6.058333333270518 ], [ 35.283333333137534, 6.058333333270518 ], [ 35.283333333137534, 6.049999999937178 ], [ 35.274999999804209, 6.049999999937178 ], [ 35.274999999804209, 6.008333333270478 ], [ 35.266666666470883, 6.008333333270478 ], [ 35.266666666470883, 5.991666666603798 ], [ 35.258333333137557, 5.991666666603798 ], [ 35.258333333137557, 5.983333333270458 ], [ 35.249999999804231, 5.983333333270458 ], [ 35.249999999804231, 5.974999999937118 ], [ 35.241666666470906, 5.974999999937118 ], [ 35.241666666470906, 5.966666666603778 ], [ 35.23333333313758, 5.966666666603778 ], [ 35.23333333313758, 5.958333333270438 ], [ 35.241666666470906, 5.958333333270438 ], [ 35.241666666470906, 5.949999999937098 ], [ 35.249999999804231, 5.949999999937098 ], [ 35.249999999804231, 5.941666666603759 ], [ 35.258333333137557, 5.941666666603759 ], [ 35.258333333137557, 5.933333333270419 ], [ 35.274999999804209, 5.933333333270419 ], [ 35.274999999804209, 5.924999999937079 ], [ 35.283333333137534, 5.924999999937079 ], [ 35.283333333137534, 5.908333333270399 ], [ 35.29166666647086, 5.908333333270399 ], [ 35.29166666647086, 5.883333333270379 ], [ 35.299999999804186, 5.883333333270379 ], [ 35.299999999804186, 5.874999999937039 ], [ 35.29166666647086, 5.874999999937039 ], [ 35.29166666647086, 5.866666666603699 ], [ 35.274999999804209, 5.866666666603699 ], [ 35.274999999804209, 5.849999999937019 ], [ 35.283333333137534, 5.849999999937019 ], [ 35.283333333137534, 5.833333333270339 ], [ 35.29166666647086, 5.833333333270339 ], [ 35.29166666647086, 5.816666666603659 ], [ 35.308333333137512, 5.816666666603659 ], [ 35.308333333137512, 5.808333333270319 ], [ 35.299999999804186, 5.808333333270319 ], [ 35.299999999804186, 5.791666666603639 ], [ 35.308333333137512, 5.791666666603639 ], [ 35.308333333137512, 5.783333333270299 ], [ 35.299999999804186, 5.783333333270299 ], [ 35.299999999804186, 5.766666666603619 ], [ 35.308333333137512, 5.766666666603619 ], [ 35.308333333137512, 5.741666666603599 ], [ 35.316666666470837, 5.741666666603599 ], [ 35.316666666470837, 5.733333333270259 ], [ 35.324999999804163, 5.733333333270259 ], [ 35.324999999804163, 5.64999999993686 ], [ 35.316666666470837, 5.64999999993686 ], [ 35.316666666470837, 5.64166666660352 ], [ 35.324999999804163, 5.64166666660352 ], [ 35.324999999804163, 5.59999999993682 ], [ 35.316666666470837, 5.59999999993682 ], [ 35.316666666470837, 5.58333333327014 ], [ 35.308333333137512, 5.58333333327014 ], [ 35.308333333137512, 5.55833333327012 ], [ 35.299999999804186, 5.55833333327012 ], [ 35.299999999804186, 5.51666666660342 ], [ 35.29166666647086, 5.51666666660342 ], [ 35.29166666647086, 5.50833333327008 ], [ 35.299999999804186, 5.50833333327008 ], [ 35.299999999804186, 5.49999999993674 ], [ 35.316666666470837, 5.49999999993674 ], [ 35.316666666470837, 5.4916666666034 ], [ 35.308333333137512, 5.4916666666034 ], [ 35.308333333137512, 5.441666666603361 ], [ 35.299999999804186, 5.441666666603361 ], [ 35.299999999804186, 5.433333333270021 ], [ 35.29166666647086, 5.433333333270021 ], [ 35.29166666647086, 5.366666666603301 ], [ 35.299999999804186, 5.366666666603301 ], [ 35.299999999804186, 5.349999999936621 ], [ 35.316666666470837, 5.349999999936621 ], [ 35.316666666470837, 5.333333333269941 ], [ 35.324999999804163, 5.333333333269941 ], [ 35.324999999804163, 5.341666666603281 ], [ 35.333333333137489, 5.341666666603281 ], [ 35.333333333137489, 5.324999999936601 ], [ 35.341666666470815, 5.324999999936601 ], [ 35.341666666470815, 5.316666666603261 ], [ 35.34999999980414, 5.316666666603261 ], [ 35.34999999980414, 5.324999999936601 ], [ 35.358333333137466, 5.324999999936601 ], [ 35.358333333137466, 5.308333333269921 ], [ 35.383333333137443, 5.308333333269921 ], [ 35.383333333137443, 5.316666666603261 ], [ 35.399999999804095, 5.316666666603261 ], [ 35.399999999804095, 5.341666666603281 ], [ 35.416666666470746, 5.341666666603281 ], [ 35.416666666470746, 5.333333333269941 ], [ 35.433333333137398, 5.333333333269941 ], [ 35.433333333137398, 5.341666666603281 ], [ 35.441666666470724, 5.341666666603281 ], [ 35.441666666470724, 5.349999999936621 ], [ 35.458333333137375, 5.349999999936621 ], [ 35.458333333137375, 5.358333333269961 ], [ 35.474999999804027, 5.358333333269961 ], [ 35.474999999804027, 5.349999999936621 ], [ 35.483333333137352, 5.349999999936621 ], [ 35.483333333137352, 5.333333333269941 ], [ 35.50833333313733, 5.333333333269941 ], [ 35.50833333313733, 5.341666666603281 ], [ 35.516666666470655, 5.341666666603281 ], [ 35.516666666470655, 5.358333333269961 ], [ 35.533333333137307, 5.358333333269961 ], [ 35.533333333137307, 5.349999999936621 ], [ 35.541666666470633, 5.349999999936621 ], [ 35.541666666470633, 5.333333333269941 ], [ 35.533333333137307, 5.333333333269941 ], [ 35.533333333137307, 5.316666666603261 ], [ 35.541666666470633, 5.316666666603261 ], [ 35.541666666470633, 5.324999999936601 ], [ 35.549999999803958, 5.324999999936601 ], [ 35.549999999803958, 5.316666666603261 ], [ 35.558333333137284, 5.316666666603261 ], [ 35.558333333137284, 5.299999999936581 ], [ 35.56666666647061, 5.299999999936581 ], [ 35.56666666647061, 5.291666666603241 ], [ 35.574999999803936, 5.291666666603241 ], [ 35.574999999803936, 5.283333333269901 ], [ 35.583333333137261, 5.283333333269901 ], [ 35.583333333137261, 5.274999999936561 ], [ 35.591666666470587, 5.274999999936561 ], [ 35.591666666470587, 5.266666666603221 ], [ 35.599999999803913, 5.266666666603221 ], [ 35.599999999803913, 5.249999999936541 ], [ 35.608333333137239, 5.249999999936541 ], [ 35.608333333137239, 5.233333333269861 ], [ 35.616666666470564, 5.233333333269861 ], [ 35.616666666470564, 5.224999999936522 ], [ 35.62499999980389, 5.224999999936522 ], [ 35.62499999980389, 5.208333333269842 ], [ 35.641666666470542, 5.208333333269842 ], [ 35.641666666470542, 5.199999999936502 ], [ 35.649999999803867, 5.199999999936502 ], [ 35.649999999803867, 5.191666666603162 ], [ 35.666666666470519, 5.191666666603162 ], [ 35.666666666470519, 5.174999999936482 ], [ 35.708333333137148, 5.174999999936482 ], [ 35.708333333137148, 5.183333333269822 ], [ 35.716666666470474, 5.183333333269822 ], [ 35.716666666470474, 5.174999999936482 ], [ 35.724999999803799, 5.174999999936482 ], [ 35.724999999803799, 5.183333333269822 ], [ 35.766666666470428, 5.183333333269822 ], [ 35.766666666470428, 5.191666666603162 ], [ 35.774999999803754, 5.191666666603162 ], [ 35.774999999803754, 5.183333333269822 ], [ 35.78333333313708, 5.183333333269822 ], [ 35.78333333313708, 5.191666666603162 ], [ 35.824999999803708, 5.191666666603162 ], [ 35.824999999803708, 5.199999999936502 ], [ 35.833333333137034, 5.199999999936502 ], [ 35.833333333137034, 5.191666666603162 ], [ 35.84166666647036, 5.191666666603162 ], [ 35.84166666647036, 5.183333333269822 ], [ 35.849999999803686, 5.183333333269822 ], [ 35.849999999803686, 5.166666666603142 ], [ 35.858333333137011, 5.166666666603142 ], [ 35.858333333137011, 5.158333333269802 ], [ 35.849999999803686, 5.158333333269802 ], [ 35.849999999803686, 5.149999999936462 ], [ 35.84166666647036, 5.149999999936462 ], [ 35.84166666647036, 5.133333333269782 ], [ 35.833333333137034, 5.133333333269782 ], [ 35.833333333137034, 5.124999999936442 ], [ 35.824999999803708, 5.124999999936442 ], [ 35.824999999803708, 5.116666666603102 ], [ 35.816666666470383, 5.116666666603102 ], [ 35.816666666470383, 5.099999999936422 ], [ 35.808333333137057, 5.099999999936422 ], [ 35.808333333137057, 5.083333333269742 ], [ 35.799999999803731, 5.083333333269742 ], [ 35.799999999803731, 5.033333333269702 ], [ 35.791666666470405, 5.033333333269702 ], [ 35.791666666470405, 4.974999999936323 ], [ 35.799999999803731, 4.974999999936323 ], [ 35.799999999803731, 4.966666666602983 ], [ 35.816666666470383, 4.966666666602983 ], [ 35.816666666470383, 4.941666666602963 ], [ 35.824999999803708, 4.941666666602963 ], [ 35.824999999803708, 4.933333333269623 ], [ 35.833333333137034, 4.933333333269623 ], [ 35.833333333137034, 4.924999999936283 ], [ 35.84166666647036, 4.924999999936283 ], [ 35.84166666647036, 4.949999999936303 ], [ 35.849999999803686, 4.949999999936303 ], [ 35.849999999803686, 4.958333333269643 ], [ 35.858333333137011, 4.958333333269643 ], [ 35.858333333137011, 4.966666666602983 ], [ 35.866666666470337, 4.966666666602983 ], [ 35.866666666470337, 4.991666666603003 ], [ 35.874999999803663, 4.991666666603003 ], [ 35.874999999803663, 4.999999999936342 ], [ 35.883333333136989, 4.999999999936342 ], [ 35.883333333136989, 5.016666666603022 ], [ 35.891666666470314, 5.016666666603022 ], [ 35.891666666470314, 5.024999999936362 ], [ 35.883333333136989, 5.024999999936362 ], [ 35.883333333136989, 5.049999999936382 ], [ 35.874999999803663, 5.049999999936382 ], [ 35.874999999803663, 5.058333333269722 ], [ 35.866666666470337, 5.058333333269722 ], [ 35.866666666470337, 5.066666666603062 ], [ 35.874999999803663, 5.066666666603062 ], [ 35.874999999803663, 5.074999999936402 ], [ 35.883333333136989, 5.074999999936402 ], [ 35.883333333136989, 5.099999999936422 ], [ 35.891666666470314, 5.099999999936422 ], [ 35.891666666470314, 5.116666666603102 ], [ 35.916666666470292, 5.116666666603102 ], [ 35.916666666470292, 5.124999999936442 ], [ 35.933333333136943, 5.124999999936442 ], [ 35.933333333136943, 5.133333333269782 ], [ 35.941666666470269, 5.133333333269782 ], [ 35.941666666470269, 5.124999999936442 ], [ 35.966666666470246, 5.124999999936442 ], [ 35.966666666470246, 5.116666666603102 ], [ 35.974999999803572, 5.116666666603102 ], [ 35.974999999803572, 5.124999999936442 ], [ 35.991666666470223, 5.124999999936442 ], [ 35.991666666470223, 5.116666666603102 ], [ 35.999999999803549, 5.116666666603102 ], [ 35.999999999803549, 5.141666666603122 ], [ 36.008333333136875, 5.141666666603122 ], [ 36.008333333136875, 5.174999999936482 ], [ 36.016666666470201, 5.174999999936482 ], [ 36.016666666470201, 5.183333333269822 ], [ 36.008333333136875, 5.183333333269822 ], [ 36.008333333136875, 5.191666666603162 ], [ 36.016666666470201, 5.191666666603162 ], [ 36.016666666470201, 5.208333333269842 ], [ 36.008333333136875, 5.208333333269842 ], [ 36.008333333136875, 5.249999999936541 ], [ 35.999999999803549, 5.249999999936541 ], [ 35.999999999803549, 5.266666666603221 ], [ 35.991666666470223, 5.266666666603221 ], [ 35.991666666470223, 5.283333333269901 ], [ 35.95833333313692, 5.283333333269901 ], [ 35.95833333313692, 5.291666666603241 ], [ 35.949999999803595, 5.291666666603241 ], [ 35.949999999803595, 5.299999999936581 ], [ 35.941666666470269, 5.299999999936581 ], [ 35.941666666470269, 5.308333333269921 ], [ 35.933333333136943, 5.308333333269921 ], [ 35.933333333136943, 5.316666666603261 ], [ 35.924999999803617, 5.316666666603261 ], [ 35.924999999803617, 5.324999999936601 ], [ 35.916666666470292, 5.324999999936601 ], [ 35.916666666470292, 5.333333333269941 ], [ 35.924999999803617, 5.333333333269941 ], [ 35.924999999803617, 5.366666666603301 ], [ 35.916666666470292, 5.366666666603301 ], [ 35.916666666470292, 5.374999999936641 ], [ 35.89999999980364, 5.374999999936641 ], [ 35.89999999980364, 5.383333333269981 ], [ 35.874999999803663, 5.383333333269981 ], [ 35.874999999803663, 5.374999999936641 ], [ 35.866666666470337, 5.374999999936641 ], [ 35.866666666470337, 5.383333333269981 ], [ 35.849999999803686, 5.383333333269981 ], [ 35.849999999803686, 5.374999999936641 ], [ 35.816666666470383, 5.374999999936641 ], [ 35.816666666470383, 5.383333333269981 ], [ 35.791666666470405, 5.383333333269981 ], [ 35.791666666470405, 5.391666666603321 ], [ 35.78333333313708, 5.391666666603321 ], [ 35.78333333313708, 5.399999999936661 ], [ 35.774999999803754, 5.399999999936661 ], [ 35.774999999803754, 5.408333333270001 ], [ 35.749999999803777, 5.408333333270001 ], [ 35.749999999803777, 5.399999999936661 ], [ 35.691666666470496, 5.399999999936661 ], [ 35.691666666470496, 5.391666666603321 ], [ 35.658333333137193, 5.391666666603321 ], [ 35.658333333137193, 5.399999999936661 ], [ 35.649999999803867, 5.399999999936661 ], [ 35.649999999803867, 5.391666666603321 ], [ 35.62499999980389, 5.391666666603321 ], [ 35.62499999980389, 5.433333333270021 ], [ 35.616666666470564, 5.433333333270021 ], [ 35.616666666470564, 5.458333333270041 ], [ 35.62499999980389, 5.458333333270041 ], [ 35.62499999980389, 5.47499999993672 ], [ 35.633333333137216, 5.47499999993672 ], [ 35.633333333137216, 5.48333333327006 ], [ 35.641666666470542, 5.48333333327006 ], [ 35.641666666470542, 5.47499999993672 ], [ 35.658333333137193, 5.47499999993672 ], [ 35.658333333137193, 5.49999999993674 ], [ 35.666666666470519, 5.49999999993674 ], [ 35.666666666470519, 5.52499999993676 ], [ 35.68333333313717, 5.52499999993676 ], [ 35.68333333313717, 5.5333333332701 ], [ 35.691666666470496, 5.5333333332701 ], [ 35.691666666470496, 5.54166666660344 ], [ 35.699999999803822, 5.54166666660344 ], [ 35.699999999803822, 5.55833333327012 ], [ 35.691666666470496, 5.55833333327012 ], [ 35.691666666470496, 5.5749999999368 ], [ 35.68333333313717, 5.5749999999368 ], [ 35.68333333313717, 5.58333333327014 ], [ 35.674999999803845, 5.58333333327014 ], [ 35.674999999803845, 5.60833333327016 ], [ 35.666666666470519, 5.60833333327016 ], [ 35.666666666470519, 5.63333333327018 ], [ 35.658333333137193, 5.63333333327018 ], [ 35.658333333137193, 5.64999999993686 ], [ 35.649999999803867, 5.64999999993686 ], [ 35.649999999803867, 5.69166666660356 ], [ 35.641666666470542, 5.69166666660356 ], [ 35.641666666470542, 5.6999999999369 ], [ 35.649999999803867, 5.6999999999369 ], [ 35.649999999803867, 5.716666666603579 ], [ 35.641666666470542, 5.716666666603579 ], [ 35.641666666470542, 5.724999999936919 ], [ 35.633333333137216, 5.724999999936919 ], [ 35.633333333137216, 5.733333333270259 ], [ 35.62499999980389, 5.733333333270259 ], [ 35.62499999980389, 5.758333333270279 ], [ 35.633333333137216, 5.758333333270279 ], [ 35.633333333137216, 5.766666666603619 ], [ 35.62499999980389, 5.766666666603619 ], [ 35.62499999980389, 5.791666666603639 ], [ 35.616666666470564, 5.791666666603639 ], [ 35.616666666470564, 5.816666666603659 ], [ 35.608333333137239, 5.816666666603659 ], [ 35.608333333137239, 5.841666666603679 ], [ 35.599999999803913, 5.841666666603679 ], [ 35.599999999803913, 5.858333333270359 ], [ 35.591666666470587, 5.858333333270359 ], [ 35.591666666470587, 5.874999999937039 ], [ 35.574999999803936, 5.874999999937039 ], [ 35.574999999803936, 5.891666666603719 ], [ 35.558333333137284, 5.891666666603719 ], [ 35.558333333137284, 5.908333333270399 ], [ 35.549999999803958, 5.908333333270399 ], [ 35.549999999803958, 5.924999999937079 ], [ 35.533333333137307, 5.924999999937079 ], [ 35.533333333137307, 5.949999999937098 ], [ 35.541666666470633, 5.949999999937098 ], [ 35.541666666470633, 5.966666666603778 ], [ 35.558333333137284, 5.966666666603778 ], [ 35.558333333137284, 5.974999999937118 ], [ 35.574999999803936, 5.974999999937118 ], [ 35.574999999803936, 5.999999999937138 ], [ 35.56666666647061, 5.999999999937138 ], [ 35.56666666647061, 6.016666666603818 ], [ 35.558333333137284, 6.016666666603818 ], [ 35.558333333137284, 6.024999999937158 ], [ 35.549999999803958, 6.024999999937158 ], [ 35.549999999803958, 6.041666666603838 ], [ 35.541666666470633, 6.041666666603838 ], [ 35.541666666470633, 6.049999999937178 ], [ 35.549999999803958, 6.049999999937178 ], [ 35.549999999803958, 6.074999999937198 ], [ 35.558333333137284, 6.074999999937198 ], [ 35.558333333137284, 6.083333333270538 ], [ 35.56666666647061, 6.083333333270538 ], [ 35.56666666647061, 6.099999999937218 ], [ 35.574999999803936, 6.099999999937218 ], [ 35.574999999803936, 6.124999999937238 ], [ 35.583333333137261, 6.124999999937238 ], [ 35.583333333137261, 6.133333333270578 ], [ 35.591666666470587, 6.133333333270578 ], [ 35.591666666470587, 6.141666666603918 ], [ 35.599999999803913, 6.141666666603918 ], [ 35.599999999803913, 6.158333333270598 ], [ 35.574999999803936, 6.158333333270598 ], [ 35.574999999803936, 6.166666666603938 ], [ 35.56666666647061, 6.166666666603938 ], [ 35.56666666647061, 6.183333333270618 ], [ 35.549999999803958, 6.183333333270618 ], [ 35.549999999803958, 6.199999999937297 ], [ 35.491666666470678, 6.199999999937297 ] ], [ [ 35.499999999804004, 5.349999999936621 ], [ 35.50833333313733, 5.349999999936621 ], [ 35.50833333313733, 5.341666666603281 ], [ 35.499999999804004, 5.341666666603281 ], [ 35.499999999804004, 5.349999999936621 ] ] ] } },
{ "type": "Feature", "properties": { "value": 4.0 }, "geometry": { "type": "Polygon", "coordinates": [ [ [ 35.283333333137534, 5.424999999936681 ], [ 35.283333333137534, 5.416666666603341 ], [ 35.241666666470906, 5.416666666603341 ], [ 35.241666666470906, 5.408333333270001 ], [ 35.216666666470928, 5.408333333270001 ], [ 35.216666666470928, 5.416666666603341 ], [ 35.191666666470951, 5.416666666603341 ], [ 35.191666666470951, 5.408333333270001 ], [ 35.166666666470974, 5.408333333270001 ], [ 35.166666666470974, 5.399999999936661 ], [ 35.158333333137648, 5.399999999936661 ], [ 35.158333333137648, 5.391666666603321 ], [ 35.149999999804322, 5.391666666603321 ], [ 35.149999999804322, 5.341666666603281 ], [ 35.141666666470996, 5.341666666603281 ], [ 35.141666666470996, 5.316666666603261 ], [ 35.133333333137671, 5.316666666603261 ], [ 35.133333333137671, 5.308333333269921 ], [ 35.124999999804345, 5.308333333269921 ], [ 35.124999999804345, 5.283333333269901 ], [ 35.116666666471019, 5.283333333269901 ], [ 35.116666666471019, 5.266666666603221 ], [ 35.108333333137693, 5.266666666603221 ], [ 35.108333333137693, 5.258333333269881 ], [ 35.099999999804368, 5.258333333269881 ], [ 35.099999999804368, 5.249999999936541 ], [ 35.091666666471042, 5.249999999936541 ], [ 35.091666666471042, 5.233333333269861 ], [ 35.083333333137716, 5.233333333269861 ], [ 35.083333333137716, 5.216666666603182 ], [ 35.07499999980439, 5.216666666603182 ], [ 35.07499999980439, 5.208333333269842 ], [ 35.066666666471065, 5.208333333269842 ], [ 35.066666666471065, 5.174999999936482 ], [ 35.07499999980439, 5.174999999936482 ], [ 35.07499999980439, 5.166666666603142 ], [ 35.066666666471065, 5.166666666603142 ], [ 35.066666666471065, 5.133333333269782 ], [ 35.07499999980439, 5.133333333269782 ], [ 35.07499999980439, 5.124999999936442 ], [ 35.083333333137716, 5.124999999936442 ], [ 35.083333333137716, 5.108333333269762 ], [ 35.091666666471042, 5.108333333269762 ], [ 35.091666666471042, 5.091666666603082 ], [ 35.099999999804368, 5.091666666603082 ], [ 35.099999999804368, 5.083333333269742 ], [ 35.108333333137693, 5.083333333269742 ], [ 35.108333333137693, 5.066666666603062 ], [ 35.116666666471019, 5.066666666603062 ], [ 35.116666666471019, 5.058333333269722 ], [ 35.124999999804345, 5.058333333269722 ], [ 35.124999999804345, 5.049999999936382 ], [ 35.133333333137671, 5.049999999936382 ], [ 35.133333333137671, 5.033333333269702 ], [ 35.141666666470996, 5.033333333269702 ], [ 35.141666666470996, 5.016666666603022 ], [ 35.149999999804322, 5.016666666603022 ], [ 35.149999999804322, 4.999999999936342 ], [ 35.158333333137648, 4.999999999936342 ], [ 35.158333333137648, 4.991666666603003 ], [ 35.149999999804322, 4.991666666603003 ], [ 35.149999999804322, 4.983333333269663 ], [ 35.141666666470996, 4.983333333269663 ], [ 35.141666666470996, 4.974999999936323 ], [ 35.149999999804322, 4.974999999936323 ], [ 35.149999999804322, 4.966666666602983 ], [ 35.141666666470996, 4.966666666602983 ], [ 35.141666666470996, 4.949999999936303 ], [ 35.133333333137671, 4.949999999936303 ], [ 35.133333333137671, 4.933333333269623 ], [ 35.124999999804345, 4.933333333269623 ], [ 35.124999999804345, 4.924999999936283 ], [ 35.116666666471019, 4.924999999936283 ], [ 35.116666666471019, 4.916666666602943 ], [ 35.108333333137693, 4.916666666602943 ], [ 35.108333333137693, 4.924999999936283 ], [ 35.083333333137716, 4.924999999936283 ], [ 35.083333333137716, 4.908333333269603 ], [ 35.149999999804322, 4.908333333269603 ], [ 35.149999999804322, 4.899999999936263 ], [ 35.141666666470996, 4.899999999936263 ], [ 35.141666666470996, 4.891666666602923 ], [ 35.174999999804299, 4.891666666602923 ], [ 35.174999999804299, 4.883333333269583 ], [ 35.183333333137625, 4.883333333269583 ], [ 35.183333333137625, 4.858333333269563 ], [ 35.174999999804299, 4.858333333269563 ], [ 35.174999999804299, 4.841666666602883 ], [ 35.166666666470974, 4.841666666602883 ], [ 35.166666666470974, 4.833333333269543 ], [ 35.158333333137648, 4.833333333269543 ], [ 35.158333333137648, 4.816666666602863 ], [ 35.166666666470974, 4.816666666602863 ], [ 35.166666666470974, 4.808333333269523 ], [ 35.174999999804299, 4.808333333269523 ], [ 35.174999999804299, 4.799999999936183 ], [ 35.183333333137625, 4.799999999936183 ], [ 35.183333333137625, 4.791666666602843 ], [ 35.199999999804277, 4.791666666602843 ], [ 35.199999999804277, 4.783333333269503 ], [ 35.208333333137602, 4.783333333269503 ], [ 35.208333333137602, 4.749999999936144 ], [ 35.258333333137557, 4.749999999936144 ], [ 35.258333333137557, 4.758333333269483 ], [ 35.266666666470883, 4.758333333269483 ], [ 35.266666666470883, 4.783333333269503 ], [ 35.283333333137534, 4.783333333269503 ], [ 35.283333333137534, 4.791666666602843 ], [ 35.274999999804209, 4.791666666602843 ], [ 35.274999999804209, 4.799999999936183 ], [ 35.283333333137534, 4.799999999936183 ], [ 35.283333333137534, 4.808333333269523 ], [ 35.29166666647086, 4.808333333269523 ], [ 35.29166666647086, 4.816666666602863 ], [ 35.299999999804186, 4.816666666602863 ], [ 35.299999999804186, 4.824999999936203 ], [ 35.308333333137512, 4.824999999936203 ], [ 35.308333333137512, 4.833333333269543 ], [ 35.316666666470837, 4.833333333269543 ], [ 35.316666666470837, 4.841666666602883 ], [ 35.374999999804118, 4.841666666602883 ], [ 35.374999999804118, 4.849999999936223 ], [ 35.399999999804095, 4.849999999936223 ], [ 35.399999999804095, 4.841666666602883 ], [ 35.416666666470746, 4.841666666602883 ], [ 35.416666666470746, 4.833333333269543 ], [ 35.433333333137398, 4.833333333269543 ], [ 35.433333333137398, 4.849999999936223 ], [ 35.441666666470724, 4.849999999936223 ], [ 35.441666666470724, 4.858333333269563 ], [ 35.449999999804049, 4.858333333269563 ], [ 35.449999999804049, 4.874999999936243 ], [ 35.466666666470701, 4.874999999936243 ], [ 35.466666666470701, 4.883333333269583 ], [ 35.483333333137352, 4.883333333269583 ], [ 35.483333333137352, 4.891666666602923 ], [ 35.50833333313733, 4.891666666602923 ], [ 35.50833333313733, 4.883333333269583 ], [ 35.516666666470655, 4.883333333269583 ], [ 35.516666666470655, 4.891666666602923 ], [ 35.524999999803981, 4.891666666602923 ], [ 35.524999999803981, 4.899999999936263 ], [ 35.533333333137307, 4.899999999936263 ], [ 35.533333333137307, 4.908333333269603 ], [ 35.549999999803958, 4.908333333269603 ], [ 35.549999999803958, 4.916666666602943 ], [ 35.558333333137284, 4.916666666602943 ], [ 35.558333333137284, 4.924999999936283 ], [ 35.56666666647061, 4.924999999936283 ], [ 35.56666666647061, 4.949999999936303 ], [ 35.574999999803936, 4.949999999936303 ], [ 35.574999999803936, 4.958333333269643 ], [ 35.591666666470587, 4.958333333269643 ], [ 35.591666666470587, 4.966666666602983 ], [ 35.599999999803913, 4.966666666602983 ], [ 35.599999999803913, 4.983333333269663 ], [ 35.616666666470564, 4.983333333269663 ], [ 35.616666666470564, 5.024999999936362 ], [ 35.633333333137216, 5.024999999936362 ], [ 35.633333333137216, 5.049999999936382 ], [ 35.62499999980389, 5.049999999936382 ], [ 35.62499999980389, 5.066666666603062 ], [ 35.633333333137216, 5.066666666603062 ], [ 35.633333333137216, 5.091666666603082 ], [ 35.641666666470542, 5.091666666603082 ], [ 35.641666666470542, 5.099999999936422 ], [ 35.658333333137193, 5.099999999936422 ], [ 35.658333333137193, 5.108333333269762 ], [ 35.666666666470519, 5.108333333269762 ], [ 35.666666666470519, 5.091666666603082 ], [ 35.691666666470496, 5.091666666603082 ], [ 35.691666666470496, 5.083333333269742 ], [ 35.699999999803822, 5.083333333269742 ], [ 35.699999999803822, 5.074999999936402 ], [ 35.716666666470474, 5.074999999936402 ], [ 35.716666666470474, 5.066666666603062 ], [ 35.724999999803799, 5.066666666603062 ], [ 35.724999999803799, 5.058333333269722 ], [ 35.733333333137125, 5.058333333269722 ], [ 35.733333333137125, 5.041666666603042 ], [ 35.749999999803777, 5.041666666603042 ], [ 35.749999999803777, 5.049999999936382 ], [ 35.774999999803754, 5.049999999936382 ], [ 35.774999999803754, 5.058333333269722 ], [ 35.78333333313708, 5.058333333269722 ], [ 35.78333333313708, 5.049999999936382 ], [ 35.791666666470405, 5.049999999936382 ], [ 35.791666666470405, 5.058333333269722 ], [ 35.799999999803731, 5.058333333269722 ], [ 35.799999999803731, 5.083333333269742 ], [ 35.808333333137057, 5.083333333269742 ], [ 35.808333333137057, 5.099999999936422 ], [ 35.816666666470383, 5.099999999936422 ], [ 35.816666666470383, 5.116666666603102 ], [ 35.824999999803708, 5.116666666603102 ], [ 35.824999999803708, 5.124999999936442 ], [ 35.833333333137034, 5.124999999936442 ], [ 35.833333333137034, 5.133333333269782 ], [ 35.84166666647036, 5.133333333269782 ], [ 35.84166666647036, 5.149999999936462 ], [ 35.849999999803686, 5.149999999936462 ], [ 35.849999999803686, 5.158333333269802 ], [ 35.858333333137011, 5.158333333269802 ], [ 35.858333333137011, 5.166666666603142 ], [ 35.849999999803686, 5.166666666603142 ], [ 35.849999999803686, 5.183333333269822 ], [ 35.84166666647036, 5.183333333269822 ], [ 35.84166666647036, 5.191666666603162 ], [ 35.833333333137034, 5.191666666603162 ], [ 35.833333333137034, 5.199999999936502 ], [ 35.824999999803708, 5.199999999936502 ], [ 35.824999999803708, 5.191666666603162 ], [ 35.78333333313708, 5.191666666603162 ], [ 35.78333333313708, 5.183333333269822 ], [ 35.774999999803754, 5.183333333269822 ], [ 35.774999999803754, 5.191666666603162 ], [ 35.766666666470428, 5.191666666603162 ], [ 35.766666666470428, 5.183333333269822 ], [ 35.724999999803799, 5.183333333269822 ], [ 35.724999999803799, 5.174999999936482 ], [ 35.716666666470474, 5.174999999936482 ], [ 35.716666666470474, 5.183333333269822 ], [ 35.708333333137148, 5.183333333269822 ], [ 35.708333333137148, 5.174999999936482 ], [ 35.666666666470519, 5.174999999936482 ], [ 35.666666666470519, 5.191666666603162 ], [ 35.649999999803867, 5.191666666603162 ], [ 35.649999999803867, 5.199999999936502 ], [ 35.641666666470542, 5.199999999936502 ], [ 35.641666666470542, 5.208333333269842 ], [ 35.62499999980389, 5.208333333269842 ], [ 35.62499999980389, 5.224999999936522 ], [ 35.616666666470564, 5.224999999936522 ], [ 35.616666666470564, 5.233333333269861 ], [ 35.608333333137239, 5.233333333269861 ], [ 35.608333333137239, 5.249999999936541 ], [ 35.599999999803913, 5.249999999936541 ], [ 35.599999999803913, 5.266666666603221 ], [ 35.591666666470587, 5.266666666603221 ], [ 35.591666666470587, 5.274999999936561 ], [ 35.583333333137261, 5.274999999936561 ], [ 35.583333333137261, 5.283333333269901 ], [ 35.574999999803936, 5.283333333269901 ], [ 35.574999999803936, 5.291666666603241 ], [ 35.56666666647061, 5.291666666603241 ], [ 35.56666666647061, 5.299999999936581 ], [ 35.558333333137284, 5.299999999936581 ], [ 35.558333333137284, 5.316666666603261 ], [ 35.549999999803958, 5.316666666603261 ], [ 35.549999999803958, 5.324999999936601 ], [ 35.541666666470633, 5.324999999936601 ], [ 35.541666666470633, 5.316666666603261 ], [ 35.533333333137307, 5.316666666603261 ], [ 35.533333333137307, 5.333333333269941 ], [ 35.541666666470633, 5.333333333269941 ], [ 35.541666666470633, 5.349999999936621 ], [ 35.533333333137307, 5.349999999936621 ], [ 35.533333333137307, 5.358333333269961 ], [ 35.516666666470655, 5.358333333269961 ], [ 35.516666666470655, 5.341666666603281 ], [ 35.50833333313733, 5.341666666603281 ], [ 35.50833333313733, 5.349999999936621 ], [ 35.499999999804004, 5.349999999936621 ], [ 35.499999999804004, 5.341666666603281 ], [ 35.50833333313733, 5.341666666603281 ], [ 35.50833333313733, 5.333333333269941 ], [ 35.483333333137352, 5.333333333269941 ], [ 35.483333333137352, 5.349999999936621 ], [ 35.474999999804027, 5.349999999936621 ], [ 35.474999999804027, 5.358333333269961 ], [ 35.458333333137375, 5.358333333269961 ], [ 35.458333333137375, 5.349999999936621 ], [ 35.441666666470724, 5.349999999936621 ], [ 35.441666666470724, 5.341666666603281 ], [ 35.433333333137398, 5.341666666603281 ], [ 35.433333333137398, 5.333333333269941 ], [ 35.416666666470746, 5.333333333269941 ], [ 35.416666666470746, 5.341666666603281 ], [ 35.399999999804095, 5.341666666603281 ], [ 35.399999999804095, 5.316666666603261 ], [ 35.383333333137443, 5.316666666603261 ], [ 35.383333333137443, 5.308333333269921 ], [ 35.358333333137466, 5.308333333269921 ], [ 35.358333333137466, 5.324999999936601 ], [ 35.34999999980414, 5.324999999936601 ], [ 35.34999999980414, 5.316666666603261 ], [ 35.341666666470815, 5.316666666603261 ], [ 35.341666666470815, 5.324999999936601 ], [ 35.333333333137489, 5.324999999936601 ], [ 35.333333333137489, 5.341666666603281 ], [ 35.324999999804163, 5.341666666603281 ], [ 35.324999999804163, 5.333333333269941 ], [ 35.316666666470837, 5.333333333269941 ], [ 35.316666666470837, 5.349999999936621 ], [ 35.299999999804186, 5.349999999936621 ], [ 35.299999999804186, 5.366666666603301 ], [ 35.29166666647086, 5.366666666603301 ], [ 35.29166666647086, 5.424999999936681 ], [ 35.283333333137534, 5.424999999936681 ] ] ] } }
]
}
